SMILES,True_Activity,Predicted_Activity,Predicted_Active,Error
O=S(=O)(C[C@H]1CC[C@H](c2nnn3cnc4[nH]ccc4c23)CC1)C1CC1,6.59,6.493266495172664,1,0.09673350482733589
COc1ccc(Cl)cc1-c1nc(C)sc1NC(=O)c1cnn2cccnc12,8.68,7.0331204378773435,1,1.6468795621226562
CC(C)CCNc1c(C(N)=O)cnn2cc(-c3ccccc3)cc12,6.8,7.264497238707202,1,0.46449723870720216
CNC(=O)c1cnc2[nH]ccc2c1N[C@@H]1CCN(Cc2ccc(C#N)cn2)[C@H](C)C1,7.24,7.269377887302596,1,0.02937788730259605
CC1(C)[C@H](Nc2c(C(N)=O)cnn3cc(-c4ccc(C#N)nc4)cc23)CC[C@]1(C)N,7.33,7.633534828294652,1,0.3035348282946515
FC(F)(F)c1ccc(CN2CCC(c3nnn4cnc5[nH]ccc5c34)CC2)cn1,6.44,5.969758582212483,0,0.47024141778751716
O=C1NC(=O)C(c2cn(CCCn3ccnc3)c3ccccc23)=C1Nc1ccccc1,5.64,5.02101148308137,0,0.6189885169186295
N#CN[C@@H]1c2cc(-c3ncnc4[nH]ccc34)ccc2C[C@H]1O,5.37,5.535056269949828,0,0.1650562699498277
N#Cc1cc(NC[C@H]2CC[C@H](c3nnn4cnc5[nH]ccc5c34)CC2)ccc1Cl,6.0,6.172955882755025,1,0.1729558827550246
Cc1nc2ccc(-n3ncc(C(=O)c4cc5ccccc5[nH]4)c3N)cc2[nH]1,4.52,5.3879333808714325,0,0.8679333808714329
CCCn1cc(-c2nc(Nc3ccc4c(c3)CCN4S(=O)(=O)c3ccc(C(F)(F)F)cc3)ncc2C)cn1,7.64,7.372164975129865,1,0.2678350248701351
CCc1nc(C(N)=O)c(Nc2ccc(N3CCC(N4CCN(C)CC4)CC3)c(OC)c2)nc1NC1CCOCC1,4.52,5.14340532768607,0,0.6234053276860703
COCCNc1nccc(-c2c(-c3ccc(F)cc3)nc3cnccn23)n1,5.7,5.663571749039098,0,0.03642825096090174
Nc1ncc(C(=O)Nc2ccccc2)c2sc(-c3ccc(N4CCOCC4)cc3)cc12,5.7,5.87494616539499,0,0.17494616539498953
[2H]C([2H])([2H])NC(=O)c1nnc(NC(=O)C2CC2)cc1Nc1cccc(-c2cnc(C(C)(C)O)cn2)c1OC,7.55,7.7445071725958545,1,0.1945071725958547
Oc1ccc(Nc2[nH]nc(-c3ccc(O)cc3)c2-c2ccc(O)cc2)cc1,5.7,5.206415806424159,0,0.49358419357584093
COC(=O)[C@@]1(O)C[C@H]2O[C@]1(C)n1c3ccccc3c3c4c(c5c6ccccc6n2c5c31)C(=O)NC4,4.52,6.390359949200504,1,1.8703599492005045
CNc1ncnc2c1N=C(c1ccc(NC(=O)Nc3cccc(C(F)(F)F)c3)cc1)CCN2,5.7,5.611212835700536,0,0.08878716429946376
NCCOc1cncc(C=Cc2ccncc2)c1,5.7,5.58050579541999,0,0.11949420458001025
COc1cc2c(N3CCN(C(=O)Nc4ccc(OC(C)C)cc4)CC3)ncnc2cc1OCCCN1CCCCC1,5.0,4.856001657777233,0,0.1439983422227673
N[C@H]1CC[C@@H](Nc2cc[nH]c(=O)c2-c2nc3ccccc3[nH]2)CC1,8.82,7.584271873324004,1,1.2357281266759959
CNc1cc(-c2cn(C(C)C)c3nnccc23)nc2c(C(=O)N[C@@H]3CC[C@H]3OC)cnn12,9.7,7.502701829631478,1,2.197298170368521
Clc1cccc(Cl)c1CNc1ccncc1,5.46,5.703423758982346,0,0.24342375898234625
N#CCCN1CCN(C[C@H]2CC[C@H](c3nnn4cnc5[nH]ccc5c34)CC2)CC1,6.12,5.996865080810569,0,0.12313491918943154
C[C@@H](Oc1cc(-n2cnc3ccc(CN4CCN(C)CC4)cc32)sc1C(N)=O)c1ccccc1C(F)(F)F,5.0,5.596423836202304,0,0.5964238362023044
Cn1cc(-c2cnc(N)c3c(-c4ccc(NC(=O)Nc5ccc(OC(F)F)cc5)cc4)csc23)cn1,5.7,6.062084446329215,1,0.36208444632921477
CNC(=O)c1cnc(Nc2ccccn2)cc1Nc1ccccc1S(C)(=O)=O,6.9,7.686200250656755,1,0.7862002506567549
CCc1cc(O)c(F)cc1-c1ccc2c(-c3nc4ccccc4[nH]3)n[nH]c2c1,7.82,7.254157377305335,1,0.5658426226946656
CNc1cc(Nc2cccn(-c3ccccn3)c2=O)nc2c(C(=O)N[C@@H]3CC[C@H]3OC)cnn12,11.46,8.771418441615582,1,2.688581558384419
CCc1cc(O)c(F)cc1-c1cc(NS(=O)(=O)CCN2CCN(C)CC2)c2cn[nH]c2c1,5.1,6.613206282733643,1,1.513206282733643
CN1CCC(c2c(O)cc(O)c3c(=O)cc(-c4ccccc4Cl)oc23)C(O)C1,5.7,5.4436730949464,0,0.25632690505360056
Cn1cc(-c2cc(-c3cnn(C4(CC#N)CN(CC(F)(F)F)C4)c3)n3ncnc3c2)cn1,6.32,5.179376043111686,0,1.140623956888314
CC(C)(C)NC(=O)c1cnc(N)c2cc(-c3ccc(N4CCOCC4)cc3)sc12,5.16,5.777598576496928,0,0.6175985764969276
COc1ccc(F)cc1-c1nn(CC2(O)CCOCC2)cc1NC(=O)c1cnn2cccnc12,7.33,7.006499137522329,1,0.32350086247767074
NC(=O)C1CCN(C[C@H]2CC[C@H](c3nnn4cnc5[nH]ccc5c34)CC2)CC1,6.19,6.090965396811897,1,0.09903460318810353
COc1cc2ncn(-c3cc(OCc4ccccc4C(F)(F)F)c(C(=O)O)s3)c2cc1OC,5.9,5.558284943169958,0,0.34171505683004266
Nc1nccc2scc(-c3ccc(NC(=O)Nc4ccccc4C(F)(F)F)cc3)c12,5.7,5.6050520002255375,0,0.09494799977446267
Nc1ncnc2c1c(I)nn2C1CCC(O)CC1,5.7,5.936207505178576,0,0.2362075051785757
Cc1[nH]nc2[nH]c(=O)c(CCO)c(C3CCCCC3)c12,5.47,5.692597080596318,0,0.22259708059631844
CNC(=O)c1cnc(Nc2cc(C)c(F)cn2)cc1Nc1cccc(-c2nnc(C)o2)c1OC,7.0,7.1489841931608815,1,0.14898419316088152
CC(=O)N1CCC(Oc2cccc3cnc(Nc4cnn(C)c4)nc23)CC1,6.5,6.411366823948058,1,0.08863317605194165
[2H]C([2H])([2H])NC(=O)c1nnc(NC(=O)C2CC2)cc1Nc1cccc(C(=O)Nc2ccc(NC[C@@H]3COCCO3)cc2)c1OC,8.3,6.5787777225200745,1,1.7212222774799262
CC(=O)N1CCC2(CCC(Nc3nc(Nc4cnn(C)c4)ncc3Cl)CC2)CC1,8.4,8.306193823062658,1,0.09380617693734195
O=c1[nH]cc(I)c2nc(-c3cccc(Cl)c3)cn12,5.7,5.069870633302802,0,0.6301293666971981
C[C@@]1(C#N)CCC[C@H]1Nc1c(C(N)=O)cnn2cccc12,7.52,7.9790939979473094,1,0.4590939979473099
O=C(NOC[C@H](O)CO)c1ccc(F)c(F)c1Nc1ccc(I)cc1F,4.52,4.762829664857005,0,0.2428296648570054
CNc1cc(Nc2cccn(-c3ncco3)c2=O)nc2c(C(=O)N[C@H]3CC[C@@H]3OC)cnn12,8.19,8.66952887546507,1,0.4795288754650713
CCN1CCN(c2ccc(Nc3cc(N(C)C(=O)Nc4c(Cl)c(OC)cc(OC)c4Cl)ncn3)cc2)CC1.O=P(O)(O)O,5.48,5.490419779656354,0,0.010419779656353434
FC(F)(F)c1cccc(CCNC2CCC(c3nnn4cnc5[nH]ccc5c34)CC2)c1,6.0,6.473780551488659,1,0.47378055148865883
CO[C@@]1(c2cc(OCC[C@@H](C)O)cc(-c3cn(C)c4cnc(NC(C)=O)cc34)n2)CCOC1,7.11,6.9997598960557905,1,0.1102401039442098
Nc1cccc(C(=O)Nc2ccncc2)c1Cl,5.46,5.6017394391216175,0,0.14173943912161757
CN1C/C=C/CCOc2cc(ccn2)-c2ccnc(n2)Nc2cccc(c2)C1,7.19,6.196779687481762,1,0.9932203125182388
Cc1ccc(-n2ncc3c(=O)[nH]c(C4CC4)nc32)cc1,6.46,5.699608355435949,0,0.7603916445640513
c1cc2c(ncn3nnc(C4CCN(Cc5cncs5)CC4)c23)[nH]1,6.92,6.094823103250279,1,0.8251768967497206
CCOc1nc(C(=O)NCc2cccnc2)cc(N)c1C#N,5.7,5.710516995253114,0,0.01051699525311367
Cc1c(CN2CCN(C(=O)[C@H](C)O)CC2)sc2c(N3CCOCC3)nc(-c3cnc(N)nc3)nc12,4.52,5.7270197316616915,0,1.207019731661692
Cc1nc(Nc2nccc3nc(-c4c(Cl)cccc4Cl)[nH]c23)cc(N(C)C)n1,8.49,7.0923039743688125,1,1.3976960256311877
FC(F)(Br)CN[C@H]1CC[C@H](c2nnn3cnc4[nH]ccc4c23)CC1,7.89,6.133280586644895,1,1.7567194133551043
CN(c1ncnc2[nH]ccc12)[C@H]1C[C@@H](CS(=O)(=O)N2CCC(O)(C(F)(F)F)CC2)C1,6.45,5.455346190563084,0,0.9946538094369162
CN1CCN(c2cc(F)c3c(c2)nc(Cc2ccc4c(c2)OCO4)n2nc(N)nc32)CC1,5.0,5.09433937550759,0,0.09433937550759008
CNCCn1c(C2CCNCC2)nc2cc(C(N)=O)ccc21,5.39,4.8866433675719625,0,0.5033566324280372
O=C(Cc1ccccc1)Nc1cccc(-c2nc3sccn3c2-c2ccnc(Nc3cccc(N4CCOCC4)c3)n2)c1,6.0,5.663075529214376,0,0.3369244707856236
Cc1ccccc1-n1cc(-c2ccccc2)c2[nH]nc(N)c2c1=O,6.11,6.3983897385054185,1,0.28838973850541816
NCCCNS(=O)(=O)c1cccc(C(=O)Nc2ccc(-c3n[nH]c(=O)c4ccccc34)cc2)c1,5.7,5.217278425517822,0,0.482721574482178
N#CC=C1CCC(c2nnn3cnc4[nH]ccc4c23)CC1,7.47,6.4424180828705975,1,1.0275819171294023
Fc1ccc(CN2CCC(c3nnn4cnc5[nH]ccc5c34)CC2)c(Cl)c1,6.47,6.329784815120808,1,0.1402151848791915
CNC(=O)c1ccc(Nc2cc(Nc3ccc(F)cn3)ncc2C(=O)NC)c(OC)c1,6.28,5.921282883254052,0,0.3587171167459484
C[C@@H](O)[C@@H](CO)Nc1c(C(N)=O)cnn2cc(-c3ccccc3)cc12,7.47,6.053575996997548,1,1.4164240030024517
O=C(Nc1ccnc(NC(=O)[C@H]2C[C@@H]2F)c1)c1c(Cl)cccc1Cl,7.94,7.653811608442707,1,0.28618839155729336
COc1cccc(C(C)NC(=O)c2ccc(-c3ccncc3)cc2NCCCN)c1,5.7,5.681745102959061,0,0.018254897040939078
CC(C)n1nnc2ccc(-c3c(-c4ccc(F)cc4F)nc4occn34)cc21,5.7,5.834673084639196,0,0.13467308463919547
CCc1cc(O)c(F)cc1-c1cc(NCCCO)c2nc(N)ncc2c1,7.0,6.660208180843049,1,0.3397918191569511
CC(Oc1cc(-c2cccc(N3CCNCC3)c2)cnc1N)c1cc(F)ccc1Cl,5.6,5.747320276298628,0,0.1473202762986281
COc1ncc(Cl)cc1-c1nn(CC(=O)N(C)C)cc1NC(=O)c1cnn2cccnc12,7.85,7.5368721732360076,1,0.3131278267639921
Clc1ccc(CNc2ccc3nnc(-c4ccccc4)n3n2)cc1,5.7,5.401626443295482,0,0.2983735567045178
Cc1n[nH]c2ccc(-c3cncc(OCC(N)Cc4c[nH]c5ccccc45)c3)cc12,5.7,5.749919702800895,0,0.04991970280089486
Cc1cc(NC(=O)N2CCCC(c3nnn4cnc5[nH]ccc5c34)C2)sn1,6.15,5.776820929877864,0,0.373179070122136
Cc1cc(NC(=O)c2cnn3cccnc23)n(-c2cc(Cl)ccc2Cl)n1,6.98,6.6758747572342605,1,0.30412524276573993
O=C(Nc1ccncc1)c1cc(Cl)ccc1Cl,6.1,5.8009224152003185,0,0.29907758479968116
COc1cc(-c2cnc3cccc(-c4ccc(C(=O)N5CCOCC5)c(C)c4)c3n2)cc(OC)c1OC,5.85,5.570388950780618,0,0.2796110492193815
Cc1cc(Nc2nc([C@H](O)c3ccc(F)cc3)nc3ccccc23)n[nH]1,5.06,5.732539297387627,0,0.672539297387627
c1cc2c(s1)CCc1cn[nH]c1-2,4.7,5.500325057636424,0,0.8003250576364236
Cc1cc(C)c(C=C2C(=O)Nc3ccccc32)[nH]1,6.0,5.3751340148060045,0,0.6248659851939955
COc1ccc(S(=O)(=O)N(C(C)=O)c2ccccc2/C=C/c2cc[n+]([O-])cc2)cc1,4.52,5.232853915814971,0,0.7128539158149714
O=C1C=C(Nc2cccc(OCCNc3ccnc(F)c3)c2)C(=O)N1,5.0,5.292646172536713,0,0.2926461725367133
Cc1cnc(Nc2ccncc2)nc1N1CCC2(CCNC2=O)CC1,6.85,7.018755298328317,1,0.1687552983283176
CNC(=O)C=Cc1cnc(N)c2c(-c3ccc4c(c3)OCO4)csc12,5.8,5.778331339542714,0,0.021668660457286215
Cc1cnc(NCCN2CCOCC2)nc1-c1cnn(CCC#N)c1,4.77,7.116648957298966,1,2.3466489572989664
CNS(=O)(=O)c1ccccc1Nc1nc(Nc2cc(N3CCN(C(C)=O)CC3)ccc2OC)ncc1Br,7.1,7.701094729119089,1,0.6010947291190893
CCNC(=O)C(C)(O)c1ccc(Nc2nc(-c3c(F)cccc3F)nc3c2C(=O)NC3)cc1,7.09,7.456160003087954,1,0.3661600030879537
COC(=O)[C@@H](C(C)C)n1c(=O)c2cc(OC)c(OC)cc2c2cnc3[nH]ccc3c21,6.59,6.364431605821814,1,0.22556839417818608
Nc1n[nH]c2ccc(-c3ccccc3Cl)cc12,6.55,6.421736234772552,1,0.1282637652274481
Cc1cccc(NC(=O)Nc2ccc(-c3csc4c(C#CCN(C)C)cnc(N)c34)cc2)c1,5.8,5.652969162612541,0,0.14703083738745892
CNC(=O)c1cnc(Nc2cc(C)c(F)cn2)cc1Nc1cccc(C(=O)NC)c1OC,6.85,6.953693979867443,1,0.103693979867443
CC(=O)N1CCN([C@H]2C[C@@H](n3cc(-c4cc(OC[C@@H]5CCCO5)ccc4F)c4c(N)ncnc43)C2)CC1,5.0,5.21159239185601,0,0.2115923918560103
CCn1c(C(=O)N(C2CC2)C2CC2)cc2c3c(ncn3C)c(NC(=O)NCCOC)nc21,6.54,6.809393557964842,1,0.2693935579648423
Cn1cc(-c2cc(-c3cnn(C4(CC#N)CN(CC(F)(F)F)C4)c3)n3ccnc3c2)cn1,6.54,5.275275670733045,0,1.2647243292669552
O=C(Nc1nc2cccc(C3CCC(NC(=O)C4CC4(F)F)CC3)n2n1)C1CC1,8.0,6.1257681476440515,1,1.8742318523559485
OC1CN(C[C@H]2CC[C@@H](c3nnn4cnc5[nH]ccc5c34)CC2)C1,6.09,6.370290005318766,1,0.2802900053187658
CCNc1cc(Nc2cc(C)cc(C)c2)nn2c(C(N)=O)cnc12,6.39,6.416051369717607,1,0.026051369717607464
O=C(Nc1nccc2nc(-c3c(Cl)cccc3Cl)sc12)C1CC1,9.3,8.695682954746783,1,0.604317045253218
Cc1cc(NC(=O)c2cnn3cccnc23)n(-c2cc(C#N)ccc2C)n1,6.88,6.75030857334398,1,0.12969142665602007
N#CCCn1cc(-c2nc(Nc3ccc4c(ccn4C(=O)C4CC4)c3)ncc2F)cn1,6.82,8.043479949096191,1,1.2234799490961912
Cc1cc(-c2cc3c(N[C@@H]4CC[C@](C)(N)C4(C)C)c(C(N)=O)cnn3c2)ccn1,8.24,7.561799674837132,1,0.6782003251628685
COc1ccc(-c2cc3c(N[C@H](CO)CC(C)C)c(C(N)=O)cnn3c2)cn1,6.74,6.668987997913636,1,0.07101200208636449
FC(F)(F)Oc1ccc(CN2CCC(c3nnn4cnc5[nH]ccc5c34)CC2)cc1,6.0,5.9816585132532625,0,0.018341486746737523
O=C(Nc1cnccc1-c1ccc(F)cc1)c1ccnc(Nc2ccc(F)cc2)n1,4.77,4.456005879984764,0,0.3139941200152352
O[C@H]1Cc2ccccc2[C@H]1NC1CCC(c2nnn3cnc4[nH]ccc4c23)CC1,6.7,6.145766259829521,1,0.5542337401704795
C[C@@H](O)c1nc2cnc3[nH]ccc3c2n1[C@H]1CC[C@H](CC#N)CC1,7.3,6.152878616245267,1,1.1471213837547332
CNC(=O)c1cccc(Nc2cc(Nc3ccc(F)cn3)ncc2C(=O)NC)c1,5.0,5.553771299243026,0,0.5537712992430261
COCC1(NC[C@H]2CC[C@H](c3nnn4cnc5[nH]ccc5c34)CC2)CC1,6.51,6.146448769157942,1,0.36355123084205765
Cc1cccc(NC(=O)Nc2ccc(-c3cccc4[nH]ncc34)cc2)c1,6.0,5.618718088541948,0,0.3812819114580517
C1=C/Cn2ccc3ccc(cc32)-c2ccnc(n2)Nc2cccc(c2)COC/1,6.82,5.711474180268387,0,1.1085258197316135
N#Cc1cc(NC[C@H]2CC[C@H](c3nnn4cnc5[nH]ccc5c34)CC2)ccc1F,6.0,6.075573361237983,1,0.07557336123798297
CCc1c(-c2ccc(C(C)(C)O)cc2)[nH]c2nccnc12,5.9,5.912530217130282,0,0.012530217130281684
CCNC(=O)c1cnc(Nc2ccc(F)cn2)cc1Nc1ccccc1C(N)=O,7.89,6.593741819526526,1,1.2962581804734734
N#CCNC(=O)C[C@H]1CC[C@H](c2nnn3cnc4[nH]ccc4c23)CC1,6.0,6.192934766365731,1,0.19293476636573104
Clc1cccc(Cl)c1-c1nc2ccnc(Nc3ccncn3)c2[nH]1,9.22,6.565732664604218,1,2.654267335395783
CC(C)CS(=O)(=O)N[C@H]1C[C@@H](N(C)c2ncnc3[nH]ccc23)C1,3.7,3.748900626235247,0,0.048900626235246936
c1ccc(Cn2cc(-c3ccc4[nH]ncc4c3)nn2)cc1,5.7,5.571462586247181,0,0.12853741375281924
FC(F)(F)CN(CC1CC1)[C@H]1CC[C@H](c2nnn3cnc4[nH]ccc4c23)CC1,6.21,6.194337011675669,1,0.015662988324330662
COc1ccc(-c2ccc3ncc4c(c3c2)n(-c2ccc(N3CCNCC3)c(C(F)(F)F)c2)c(=O)n4C)cn1,4.52,4.9978869054298185,0,0.47788690542981893
[2H]C([2H])([2H])NC(=O)c1nnc(NC(=O)C2CC2)cc1Nc1cccc(C(=O)Nc2ccc(-n3ccnc3)cc2)c1OC,7.29,7.833845111036228,1,0.5438451110362283
O=C(NC(CO)Cc1ccccc1)c1ccc(-c2ccncc2)cc1F,5.7,5.591903931091029,0,0.10809606890897161
CC(=O)c1cccc(-c2cnc3[nH]ccc3c2)c1,5.7,5.733429722482098,0,0.03342972248209808
OC(CN[C@H]1CC[C@H](c2nnn3cnc4[nH]ccc4c23)CC1)(c1ccccc1)C(F)(F)F,6.57,6.116227949608708,1,0.45377205039129187
CC(O)c1cc(Cl)c(C(=O)Nc2ccnc(NC(=O)C3CC3)c2)c(Cl)c1,8.12,6.9993341932431274,1,1.1206658067568718
Fc1cnc2nc1-c1cccc(c1)COCC=CCOCc1cc(ccc1OCCN1CCCC1)N2,6.85,6.882536661182504,1,0.032536661182504645
O=C(Nc1cccc(-c2cnc3ccccc3n2)c1)c1ccco1,4.3,4.560895386343635,0,0.26089538634363496
CCc1cc(O)c(F)cc1-c1cc(NC[C@@H](C)O)c2nc(N)ncc2c1,7.2,7.300390647596014,1,0.10039064759601413
c1cc2c(ncn3nnc([C@H]4CC[C@H](CNc5ccc(N6CCOCC6)cc5)CC4)c23)[nH]1,6.89,6.074928810533598,1,0.8150711894664013
CC[C@H](Nc1ncnc2[nH]cnc12)c1nc2cccc(F)c2c(=O)n1-c1ccccc1,4.52,5.450563222806693,0,0.9305632228066933
O=C1NC(=O)C(c2c[nH]c3ccccc23)=C1Nc1ccc(OCCCNc2ccnc(F)c2)cc1,5.0,4.990987513875556,0,0.009012486124444052
CCc1cc(O)c(F)cc1-c1cc(NS(=O)(=O)c2cccnc2)c2cn[nH]c2c1,5.6,6.0180926122328735,1,0.41809261223287386
[2H]C([2H])([2H])NC(=O)c1nnc(NC(=O)C2CC2)cc1Nc1cccc(C(=O)Nc2ccc(N3CCCCS3(=O)=O)cc2)c1OC,8.72,7.976495112931253,1,0.743504887068748
SC[C@H]1CC[C@H](c2nnn3cnc4[nH]ccc4c23)CC1,8.01,6.865510996196017,1,1.144489003803983
CNC(=O)c1cnc2[nH]ccc2c1NC1CCCN(Cc2cccc(OC)c2)CC1,7.37,6.900595375440934,1,0.46940462455906573
C[C@@H]1CCN(C(=O)CC#N)C[C@@H]1N(C)c1ncnc2[nH]ccc12,6.81,7.145066706549213,1,0.3350667065492132
CCS(=O)(=O)NCc1ccc(Nc2ncc(C)c(-c3cnn(C(C)C)c3)n2)cc1,6.72,7.374208033453466,1,0.6542080334534663
C#Cc1cc(Cl)c(C(=O)Nc2ccnc(NC(=O)C3CC3)c2)c(Cl)c1,8.02,7.150980237847974,1,0.8690197621520257
N#CCC(=O)Nc1cccc(-c2cnc3ccccc3n2)c1,4.7,4.5704974747305265,0,0.1295025252694737
Cc1cccc(NC(=O)Nc2ccc(-c3cccc4[nH]nc(N)c34)cc2)c1,5.9,5.761318250833483,0,0.13868174916651732
CN1CCN(C2CCN(C(=O)Nc3cc(Oc4ccc(NC(=O)C5(C(=O)Nc6ccc(F)cc6)CC5)c(F)c4)ccn3)CC2)CC1,4.52,4.753261499145221,0,0.23326149914522176
COc1cc(Nc2c(C#N)cnc3cc(OCCCN4CCN(C)CC4)c(OC)cc23)c(Cl)cc1Cl,5.26,4.76788635977365,0,0.49211364022634996
FC(F)[C@H]1CC[C@H](c2nnn3cnc4[nH]ccc4c23)CC1,7.37,6.713502216266351,1,0.6564977837336494
O=C1CC(c2ccc(Cl)cc2Cl)Cc2nc3cc(Cl)ccc3c(O)c21,5.7,5.515554226249963,0,0.18444577375003757
COc1cc2c(=O)n(C3CCCCC3)c3c4cc[nH]c4ncc3c2cc1OC,8.71,8.08574521014426,1,0.6242547898557405
c1nc2c(NC3CCCCC3)nc(Nc3ccc(N4CCOCC4)cc3)nc2[nH]1,7.05,6.897959400017697,1,0.15204059998230246
O=C(Nc1ccnc(NC(=O)C2CC2)c1)c1c(Cl)cc(CN2CCOCC2)cc1Cl,7.45,6.861955622860572,1,0.5880443771394281
COc1cc(-c2ccc3c(c2)Nc2ccc(C(=O)NCCNC(C)=O)cc2NC3=O)ccc1O,5.7,5.649007306043853,0,0.05099269395614758
O=C(Nc1nc2cccc(C3=CC[C@H](NC(=O)[C@H]4CC4(F)F)CC3)n2n1)C1CC1,7.15,6.722778393869982,1,0.42722160613001847
CN1CCN(c2ccc(OC(F)(F)F)c(Nc3ncc4c(n3)-c3c(c(C(N)=O)nn3CCO)CC4)c2)CC1,5.0,4.859665792743328,0,0.14033420725667156
NCCCn1c2ccc(C(N)=O)cc2nc1[C@H]1CC[C@H](O)CC1,4.51,4.869952137403299,0,0.35995213740329923
FC(F)(F)COC1CN(C[C@H]2CC[C@H](c3nnn4cnc5[nH]ccc5c34)CC2)C1,6.0,6.177764633206141,1,0.17776463320614067
[2H]C([2H])([2H])NC(=O)c1nnc(Nc2ccccn2)cc1Nc1cccc(C(=O)Nc2ccc(C(=O)N3CCCC3)cc2)c1OC,9.0,8.763754680988429,1,0.2362453190115712
Cc1[nH]nc2[nH]c(=O)cc([C@H]3CC[C@H](CC#N)CC3)c12,6.89,6.035182836284985,1,0.8548171637150146
CCS(=O)(=O)N1CCN(c2ccc(Nc3ncc(C(N)=O)c(NC4CC4)n3)cc2)CC1.Cl,7.49,9.035531046412355,1,1.5455310464123553
O=C1c2cnc3[nH]ccc3c2N([C@H]2CC[C@H](CNS(=O)(=O)C3CC3)CC2)CN1CC(F)(F)F,6.38,6.369418436244006,1,0.010581563755994061
CC(=O)c1c(C)c2cnc(Nc3ccc(N4CCNCC4)cn3)nc2n(C2CCCC2)c1=O,4.52,5.605253288405772,0,1.0852532884057728
CCc1cc(O)c(F)cc1-c1cc(NS(=O)(=O)C2CCCC2)c2cn[nH]c2c1,6.4,6.327165497449825,1,0.0728345025501751
O=C1NCc2nc(-c3c(F)cccc3F)nc(Nc3ccc(CC(=O)N4CCN(CC(F)F)CC4)cc3)c21,9.01,8.257574802883525,1,0.7524251971164748
Cc1ccc(NC(=O)Nc2ccc(-c3csc4c(-c5cnn(C)c5)cnc(N)c34)cc2)cc1,5.7,5.923527615733784,0,0.22352761573378377
C[C@@H](Nc1c(C(N)=O)cnn2cccc12)C(C)(C)C,7.8,6.1594364979551175,1,1.6405635020448823
CNc1cc(Nc2cccnc2OC)nc2c(C(=O)NCC3(CO)CC3)cnn12,9.7,7.6563348853927335,1,2.0436651146072657
CN(C[C@H]1CC[C@H](N2CN(CC(F)(F)F)C(=O)c3cnc4[nH]ccc4c32)CC1)S(C)(=O)=O,6.37,6.4352307044511186,1,0.06523070445111845
COc1cc(C=C2SC(=S)NC2=O)ccc1O,5.7,5.504987497275176,0,0.19501250272482462
O=C(Nc1nncs1)N1CCC(c2nnn3cnc4[nH]ccc4c23)CC1,6.7,5.919226011133508,0,0.7807739888664917
COc1ccc(Nc2nccc(Nc3c(NC(C)C(C)(C)C)c(=O)c3=O)n2)cc1OC,5.7,5.85554941804633,0,0.1555494180463297
CS(=O)(=O)NC[C@H]1CC[C@H](c2nnn3cnc4[nH]ccc4c23)CC1,7.8,6.8862888702208584,1,0.9137111297791414
[2H]C([2H])([2H])NC(=O)c1nnc(NC(=O)C2CC2)cc1Nc1cccc(-n2cc3c(n2)CN(S(C)(=N)=O)C3)c1OC,11.05,6.056615005524826,1,4.993384994475175
CC(=O)Nc1cc(N)c(C#N)c(-c2ccccc2)n1,5.72,5.925641307501795,0,0.20564130750179554
CNC(=O)c1cnc(Nc2ccc(F)cn2)cc1Nc1ccccc1,7.96,5.8148744968945465,0,2.1451255031054535
CC(C)(C)[C@@H](NC(=O)c1c[nH]c2ncc(C3CC3)nc12)C(=O)N1CC(C#N)C1,7.8,6.179872272293467,1,1.6201277277065325
O=C1NCCc2[nH]c(-c3ccnc(-c4ccccc4F)c3)cc21,5.7,5.9148653938372,0,0.21486539383719983
Nc1ncnc2scc(-c3ccc(NC(=O)Nc4cc(C(F)(F)F)ccc4F)cc3)c12,5.7,5.617579391517175,0,0.08242060848282495
C[C@@H]1C[C@@H]1C(=O)Nc1cc(NC(=O)c2c(Cl)cccc2Cl)ccn1,8.07,7.508830724978935,1,0.5611692750210651
CN(CC#N)C[C@H]1CC[C@H](N2CN(CC(F)(F)F)C(=O)c3cnc4[nH]ccc4c32)CC1,6.36,6.572153504187437,1,0.2121535041874365
CC1(C)[C@H](O)CC[C@H]1Nc1c(C(N)=O)cnn2cccc12,7.66,6.987416350923809,1,0.6725836490761914
CS(=O)(=O)Nc1cc(NC(=O)c2c(Cl)cccc2Cl)ccn1,5.46,6.7431304771569245,1,1.2831304771569245
COc1cccc(C=C2SC(=Nc3ccccc3)NC2=O)c1,5.7,5.700513288757447,0,0.0005132887574470502
O=C1c2cnc3[nH]ccc3c2N([C@H]2CC[C@H](CNCC(F)(F)F)CC2)CN1C1CC1,6.72,6.8316360135833385,1,0.11163601358333874
NC(=O)c1cc(-c2ccccc2)cc2c1[nH]c1cc(C(=O)N3CCOCC3)ccc12,7.15,6.641921220236011,1,0.5080787797639896
Nc1nnc(-c2cc3c(Oc4ccc(Cl)cc4)cncc3s2)o1,5.7,5.690051880850279,0,0.009948119149720824
NCCn1cc(-c2cc(-c3cc4ccccc4s3)c3[nH]ncc3c2)c2nc(N)ncc21,5.0,5.543270666655329,0,0.5432706666553289
Cc1cnc(Nc2ccc(C(C)(C)C)cc2)nc1N1CCC2(CCNC2=O)CC1,6.99,7.387677235994178,1,0.3976772359941778
CNC(=O)c1cnc2[nH]ccc2c1N[C@@H]1CCN(Cc2ccc(C#N)cc2)[C@H](C)C1,8.17,6.696722051731096,1,1.4732779482689038
OCCCNc1ncnc2[nH]cc(-c3ccccc3)c12,5.7,5.494422510097079,0,0.2055774899029208
NCCCc1nc2cc(C(N)=O)ccc2n1CCN,5.6,5.265795895348095,0,0.33420410465190464
c1cnc2nc(-c3ccc4[nH]ncc4c3)c(NC3CCCCC3)n2c1,5.7,5.861759922816725,0,0.16175992281672524
c1cncc(CN2CCC(c3nnn4cnc5[nH]ccc5c34)CC2)c1,5.82,6.1404750682216145,1,0.3204750682216142
CNC(=O)c1cnc2[nH]ccc2c1N[C@H]1CCN(Cc2ccc(C(F)(F)F)cc2)[C@@H](C)C1,7.23,6.367185074936501,1,0.8628149250634998
CN(c1ncnc2[nH]ccc12)[C@H]1C[C@@H](NS(=O)(=O)NCCCC#N)C1,3.7,3.723241540396255,0,0.023241540396254923
Cc1cc(C)cc(NC(=O)Nc2ccc(NC(=O)c3csc4ncnc(N)c34)cc2)c1,5.7,5.7378035833930445,0,0.03780358339304435
CNC(=O)c1cnc2[nH]ccc2c1N[C@@H]1CCN(Cc2cccc(OC)c2)[C@H](C)C1,7.1,6.8180728339382215,1,0.28192716606177814
CC(C)(C)NS(=O)(=O)c1cncc(-c2ccn3nc(N)nc3c2)c1,5.0,5.78054134399507,0,0.7805413439950701
Fc1cnc(Nc2ccccc2)nc1Nc1ccccc1,6.2,6.1276286602574555,1,0.07237133974254473
O[C@H]1CC[C@@H](c2nnn3cnc4[nH]ccc4c23)CC1,7.02,6.6845950931683555,1,0.33540490683164403
Cc1ccc(C(=O)Nc2ccc(Oc3cc4cnn(C)c4cc3-c3cn[nH]c3)c(F)c2)c(=O)n1-c1ccc(F)cc1,4.52,4.899002341864554,0,0.3790023418645543
CCn1c(=O)c(-c2cc[nH]n2)cc2c(C)nc(N)nc21,4.52,5.254164629928336,0,0.7341646299283369
NC(=O)c1nc(-c2c(F)cccc2Cl)oc1Nc1ccc(C(=O)N2CCOCC2)cc1,9.22,7.7816014549896195,1,1.4383985450103811
C[C@@H]1C[C@H](Nc2c(C(N)=O)cnc3[nH]ccc23)CCN1Cc1cccc(Cl)c1,7.32,7.357516721386146,1,0.03751672138614559
CNC(=O)c1cnc(Nc2cc(C)c(F)cn2)cc1Nc1cccc(C(=O)NCCN2CCOCC2)c1OC,6.8,6.680229245699435,1,0.11977075430056505
CN(c1ncnc2[nH]ccc12)[C@H]1C[C@@H](CS(=O)(=O)[C@H]2CC[C@H](C#N)C2)C1,6.08,6.19792864209805,1,0.11792864209805032
Cc1cccc(-c2[nH]c(-c3ccnc(N)n3)cc2C(N)=O)c1C,5.7,5.72476498100532,0,0.024764981005319875
COc1ccc2c(NC(=O)Nc3cccc(C(F)(F)F)n3)ccnc2c1,5.7,5.633008384500024,0,0.06699161549997612
O=c1[nH]cnc2ccc(Br)cc12,4.7,5.625659715966159,0,0.9256597159661588
C1=C/COCc2cc(ccc2OCCN2CCCC2)Nc2nccc(n2)-c2cc(co2)COC/1,6.51,6.594551205121594,1,0.08455120512159464
FC(F)C(F)(F)Oc1ccc(CN2CCC(c3nnn4cnc5[nH]ccc5c34)CC2)cc1,6.0,5.812236636134228,0,0.18776336386577164
NCCn1c(-c2cccnc2N)nc2cc(C(N)=O)ccc21,5.37,5.518883842919749,0,0.14888384291974877
O=C(CCCCCCn1cc(Nc2ncc(Cl)c(NC3CC3)n2)cn1)NO,7.92,7.335641711245538,1,0.584358288754462
COc1cc(Nc2ncc(F)c(Nc3ccc4c(n3)N(COP(=O)(O)O)C(=O)C(C)(C)O4)n2)cc(OC)c1OC,4.52,6.016648643630743,1,1.4966486436307438
[2H]C([2H])([2H])NC(=O)c1nnc(Nc2cccc(OC)n2)cc1Nc1nccc(-c2ncn(C)n2)c1OC,7.78,7.66935418354849,1,0.11064581645150984
CC(C)(C)NS(=O)(=O)c1ccc(-c2cc3c(N)ncc(C(=O)NCCCN4CCOCC4)c3s2)cc1,5.81,5.770031366768915,0,0.03996863323108446
O=C(Nc1nc2cccc(C3=CCN(C(=O)C4CC4(F)F)C3)n2n1)C1CC1,6.61,6.879358483452661,1,0.26935848345266056
CO[C@@]1(c2cccc(-c3cn(C)c4cnc(NC(N)=O)cc34)n2)CCOC1,7.49,6.240703614652732,1,1.249296385347268
O=C(Nc1c[nH]nc1-c1nc2ccc(CN3CCOCC3)cc2[nH]1)NC1CC1,7.69,5.368252895765748,0,2.3217471042342526
Fc1ccc(CNC[C@H]2CC[C@H](c3nnn4cnc5[nH]ccc5c34)CC2)cc1C(F)(F)F,8.48,7.752678774061335,1,0.727321225938665
Cc1cnc(Nc2ccc3c(c2)CCN(CC#N)C3)nc1-c1cnn(C(C)C)c1,7.25,7.765187366480039,1,0.5151873664800393
C=CC(=O)Nc1cccc(CNc2cc(Nc3cnn(CCO)c3)ncn2)c1,5.59,5.9072175509730975,0,0.3172175509730977
Fc1ccc(-c2nc3cnccn3c2-c2ccnc(NCC3CC3)n2)cc1,5.7,5.701760604787109,0,0.0017606047871092656
CCOC(=O)c1cccc(Nc2nc(N)n(C(=O)c3ccc(N(C)C)cc3)n2)c1,5.0,5.262335453451226,0,0.2623354534512261
Cc1ccc(CNc2c(Nc3ccncc3)c(=O)c2=O)cc1C,5.7,5.714431900581319,0,0.014431900581318935
CNc1cc(Nc2cccn(-c3cncc(F)c3)c2=O)nc2c(C(=O)N[C@H]3CC[C@@H]3OC)cnn12,11.22,8.40519096171991,1,2.8148090382800905
O=C1NCc2c1cccc2-c1ccc(Nc2nc3ccccc3[nH]2)cc1,5.7,6.009701311564575,1,0.3097013115645746
O=C1NCc2nc(-c3c(F)cccc3F)cc(Nc3ccc(N4CCC(F)(F)CC4)cn3)c21,7.38,7.266976878366158,1,0.11302312163384176
CN1CCN(C(=O)c2ccc3[nH]c4c(C(N)=O)cc(-c5ccc(Cl)cc5)cc4c3c2)CC1,8.55,7.25862470285992,1,1.291375297140081
CC(=O)Nc1cc2c(cn1)c(C)nn2-c1cccc(C2CCOC2)n1,8.0,7.996743487171652,1,0.003256512828348157
O=C(Nc1nncs1)N1CCCC(c2nnn3cnc4[nH]ccc4c23)C1,6.38,5.8882644520228204,0,0.49173554797717944
NC(=O)c1cnc2c(NC3CC3)cc(NC3CCCCC3)nn12,5.66,5.312352625258919,0,0.3476473747410811
CN(C)C[C@@H]1CCn2cc(c3ccccc32)C2=C(C(=O)NC2=O)c2cn(c3ccccc23)CCO1,5.0,5.125594052234894,0,0.12559405223489417
C[C@@H]1CCN(Cc2ccccc2)C[C@@H]1N(C)c1ncnc2[nH]ccc12,5.46,5.5849598743567945,0,0.12495987435679456
CN1CN([C@H]2CC[C@H](CNS(=O)(=O)CC(F)(F)F)CC2)c2c(cnc3[nH]ccc23)C1=O,7.59,7.132653447448633,1,0.4573465525513667
CCCNS(=O)(=O)C[C@H]1C[C@@H](N(C)c2ncnc3[nH]ccc23)C1,3.7,3.715022471711662,0,0.015022471711661822
NC(COCc1ccccc1)COc1cncc(C=Cc2ccncc2)c1,5.7,5.58745830381665,0,0.1125416961833503
O=C1CCCc2oc3cc(C(F)(F)F)ccc3c(=O)c21,5.7,5.300567465631223,0,0.3994325343687768
NCCC(C(=O)Nc1ccc2[nH]ncc2c1)c1ccc(Cl)c(Cl)c1,5.7,5.587941004083985,0,0.11205899591601476
OC(CN[C@H]1CC[C@H](c2nnn3cnc4[nH]ccc4c23)CC1)(c1ccc(Cl)cc1)C(F)(F)F,6.36,6.246787395295491,1,0.11321260470450945
COCN1CN([C@H]2CC[C@H](CNCC(F)(F)F)CC2)c2c(cnc3[nH]ccc23)C1=O,7.13,7.089976145296971,1,0.04002385470302894
[2H]C([2H])([2H])NC(=O)c1nnc(NC(=O)C2CC2)cc1Nc1cccc(C(=O)Nc2ccc3c(c2)CC(=O)N3)c1OC,7.85,7.541515283310789,1,0.30848471668921107
Clc1cc(-c2c[nH]c3ncccc23)nc(NC2CCCCC2)n1,5.7,5.906285252051192,0,0.20628525205119175
CNc1cc(Nc2cccn(-c3ccccn3)c2=O)nn2c(C(=O)NC3CCC3)cnc12,6.83,7.17927803252059,1,0.34927803252058975
Cc1cccc(Nc2cc(Nc3ccccc3Cl)c(C(N)=O)cn2)n1,7.27,7.230278317587986,1,0.03972168241201324
Cn1cc(-c2ccc(F)c(C(F)(F)F)c2)nc1C1CCN(c2ncnc3[nH]ncc23)CC1,4.52,5.131006594662734,0,0.6110065946627348
Nc1ncnc2scc(C(=O)Nc3ccc(NC(=O)Nc4ccccc4)cc3)c12,5.7,5.732985113597728,0,0.03298511359772771
FC(F)Oc1ccc(CN2CCC(c3nnn4cnc5[nH]ccc5c34)CC2)cc1,6.0,6.090158717891672,1,0.09015871789167207
Cc1cnc(Nc2ccc3c(c2)CCN3C(=O)[C@H]2CCCN2)nc1-c1cnn(C(C)C)c1,8.3,8.44550453654863,1,0.1455045365486285
Cc1sc(C(=O)N[C@@H]2[C@H](N)CCCC2(F)F)cc1-c1cnn2cc(Cl)cnc12,5.0,6.526860922169179,1,1.5268609221691793
CCc1cc(O)c(F)cc1-c1ccc2c(-c3nc4c([nH]3)CN(Cc3ccccc3)CC4)n[nH]c2c1,7.24,7.381314512256264,1,0.14131451225626357
[2H]C([2H])([2H])NC(=O)c1nnc(NC(=O)C2CC2)cc1Nc1cccc(C(=O)NC2CCC(C(=O)N3CCCC3)CC2)c1OC,7.54,8.331747374427781,1,0.7917473744277812
[2H]C([2H])([2H])NC(=O)c1nnc(Nc2ccc(C(C)(C)N)cn2)cc1Nc1nccc(-c2ncc(F)cn2)c1OC,7.96,6.906604389722665,1,1.0533956102773345
N#Cc1cc(F)c(C(=O)Nc2ccnc(NC(=O)[C@H]3C[C@H]3F)c2)c(Cl)c1,6.65,6.648812302395174,1,0.0011876976048261767
C=CC(=O)Nc1cccc(Nc2nc(Nc3ccc4c(c3)B(O)OCC4)ncc2C(F)(F)F)c1,6.0,5.92709627416739,0,0.07290372583261018
Cc1cnc(Nc2ccc3c(c2)CCN3S(=O)(=O)c2ccc3c(c2)CC(=O)N3)nc1-c1cnn(C(C)C)c1,7.91,7.841870690904503,1,0.06812930909549753
Cn1nc(N)c2c(-c3ccc(NC(=O)Nc4cccc(C(F)(F)F)c4)cc3)cncc21,5.7,5.438986611345262,0,0.2610133886547379
Cc1ccc(NC(=O)c2cccc(C(F)(F)F)c2)cc1N1Cc2cnc(N)nc2N(C)C1=O,5.7,5.60522255976681,0,0.09477744023319001
NCCNS(=O)(=O)c1cccc(C(=O)Nc2ccc(-c3n[nH]c(=O)c4ccccc34)cc2)c1,5.7,5.163932254521197,0,0.5360677454788032
CC1CCN(C(=O)CC#N)CC1c1nnn2cnc3[nH]ccc3c12,6.04,6.438613613404183,1,0.39861361340418267
[2H]C([2H])([2H])NC(=O)c1nnc(NC(=O)C2CC2)cc1Nc1cccc(C(=O)Nc2ccc(C(=O)N3[C@H](C#N)C[C@@H]4C[C@@H]43)cc2)c1OC,8.89,8.267156339976594,1,0.6228436600234062
N#Cc1ccc(NC2CCC(c3nnn4cnc5[nH]ccc5c34)CC2)c(F)c1,6.74,6.50376526881385,1,0.23623473118615035
CC(C)(C)C(=O)Oc1ccc2c(c1)nc(NC(=O)c1cccc([N+](=O)[O-])c1)n2CCCO,5.7,5.152375361717987,0,0.5476246382820129
Cc1cc(-c2cccc3ncc(-c4ccc(C(=O)N5CCOCC5)c(C)c4)nc23)ccc1CN1CCOCC1,6.36,5.117387221591413,0,1.2426127784085876
C=CC(=O)N1CCCC(n2nc(-c3cnn(C)c3)c3c(N)ncnc32)C1,5.93,5.60083611232758,0,0.32916388767241944
O=S(=O)(NCCNCC=Cc1ccc(Br)cc1)c1cccc2cnccc12,5.7,5.858291980243614,0,0.15829198024361357
O=C(NCCc1ccc(F)cc1)[C@H]1CC[C@H](c2nnn3cnc4[nH]ccc4c23)CC1,6.43,6.178879826627954,1,0.25112017337204584
CN(C)C[C@H]1CC[C@H](N2CNC(=O)c3cnc4[nH]ccc4c32)CC1,6.7,7.263404890156419,1,0.563404890156419
NC(=O)c1cnc2[nH]ccc2c1NC1[C@@H]2CC3C[C@H]1CC(O)(C3)C2,8.32,8.158125927012446,1,0.16187407298755474
CNc1cc(Nc2cc(C)cc(C)c2)nn2c(C(=O)NCC(C)(C)CO)cnc12,6.86,7.039359164465875,1,0.17935916446587452
FC(F)(F)c1ccc(CN[C@H]2CC[C@@H](c3nnn4cnc5[nH]ccc5c34)CC2)cc1,6.6,7.10415933258858,1,0.5041593325885803
O=C(CCCCCCC(=O)Nc1ccc(-c2ccnc(Nc3ccc(N4CCOCC4)cc3)n2)cc1)NO,7.1,5.937309053390387,0,1.1626909466096125
O=C1NCc2nc(-c3c(F)cccc3F)cc(Nc3ccc(C(=O)N4CC[C@H](O)C4)cc3)c21,9.43,8.401733176323539,1,1.0282668236764607
N#Cc1ccc(NC[C@H]2CC[C@H](c3nnn4cnc5[nH]ccc5c34)CC2)cc1C#N,6.04,5.964107832827862,0,0.07589216717213798
Cc1cc(C)cc(NC(=O)Nc2ccc(-c3cccc4c3CNC4=O)c(C(F)(F)F)c2)c1,5.7,5.580197677379698,0,0.119802322620302
CN(C)CC(=O)N1CCC(c2ccc(NC(=O)c3nc(C#N)c[nH]3)c(C3=CCCCC3)c2)CC1.Cl,6.62,5.168738290929535,0,1.4512617090704651
[2H]C([2H])([2H])NC(=O)c1nnc(NC(=O)C2CC2)cc1Nc1cccc(C(=O)Nc2ccc(C(=O)N(CC)CC)cc2)c1OC,9.01,7.9101323526288185,1,1.0998676473711813
CC1CN(c2ccncc2NC(=O)c2ccnn3cc(-c4ccccc4)nc23)CCO1,5.7,5.447958461491784,0,0.252041538508216
C[C@@H](NC(=O)c1ncnc(N)c1Cl)c1ncc(C(=O)Nc2cc(C(F)(F)F)c(Cl)cn2)s1,4.52,5.253186480079728,0,0.7331864800797288
O=C(NCc1ccc(Br)cc1)Nc1ccc2[nH]ncc2c1,5.7,5.688561427817928,0,0.011438572182072448
Clc1ccc(CCN[C@H]2CC[C@H](c3nnn4cnc5[nH]ccc5c34)CC2)cc1,7.19,6.4407245098610675,1,0.7492754901389329
FC(F)(F)Oc1ccc(NC[C@H]2CC[C@H](c3nnn4cnc5[nH]ccc5c34)CC2)c(Cl)c1,6.0,5.973933141146913,0,0.026066858853086572
C[C@@]1(C(=O)Nc2ccc(F)nc2)CCCN1c1nc(Nc2cc(C3CC3)n[nH]2)c2cccn2n1,4.52,5.972380231574581,0,1.4523802315745815
COCCn1cc(-c2nn(CC3CCCN(C(=O)CC#N)C3)c3ncnc(N)c23)cn1,5.52,5.566002007345833,0,0.04600200734583382
Nc1ncnc2c1c(-c1cccc(OCc3ccccc3)c1)cn2[C@H]1C[C@@H](CN2CCC2)C1,5.0,5.387777196978762,0,0.387777196978762
C=CC(=O)Nc1cc(Nc2ncc(Cl)c(O[C@@H]3CO[C@H]4[C@@H]3OC[C@H]4O)n2)ccc1N1CCC2(CCN(C)CC2)CC1,6.63,6.786017439655097,1,0.1560174396550975
CC(Nc1c(Nc2ccncc2)c(=O)c1=O)C(C)(C)C,5.7,5.577715076563953,0,0.12228492343604724
Cc1cnc(Nc2ccc(OCCN3CCCC3)cc2)nc1Nc1ccc(C(=O)NO)cc1,7.0,7.016742114886625,1,0.01674211488662536
C1=CCCOc2cccc(c2)-c2ccnc(n2)Nc2cccc(c2)OCC1,5.28,6.706810314932218,1,1.4268103149322178
O=c1[nH][nH]c2cccc(-c3ccccc3)c12,4.7,5.736308004763922,0,1.0363080047639217
N#CC[C@]1(n2cc(-c3nc(-c4cc[nH]n4)cn4nccc34)cn2)C[C@@H](C#N)C1,8.05,7.362459572914702,1,0.6875404270852989
Fc1ccc(CN2CCC(c3nnn4cnc5[nH]ccc5c34)CC2)nc1,6.0,6.268876120022166,1,0.2688761200221661
CNC(=O)c1cnc2[nH]ccc2c1N[C@@H]1CCN(Cc2ccc(Cl)cc2)C[C@@H]1F,6.34,6.480256905446348,1,0.14025690544634806
CCc1cc(O)c(F)cc1-c1cc(NS(=O)(=O)c2ccccc2Cl)c2cn[nH]c2c1,6.5,6.558636936963017,1,0.058636936963017305
Nc1nc(Nc2cccnc2)nn1C(=O)c1c(F)cccc1F,6.52,6.552701504951881,1,0.03270150495188151
N#C/C(=C\N1CCC(c2nnn3cnc4[nH]ccc4c23)CC1)c1ccccc1,6.0,5.958035586815698,0,0.041964413184301996
CC(=O)Nc1cc2c(-c3cccc(S(=O)(=O)N(C)C)c3)cn(C)c2cn1,7.82,6.651109181255163,1,1.1688908187448375
CN(c1ncnc2[nH]ccc12)[C@H]1C[C@@H](NS(=O)(=O)CC(F)(F)F)C1,3.7,3.7564653426719574,0,0.05646534267195724
CS(=O)(=O)Nc1cc2c(cc1Cl)NC(=O)Nc1cnc(C#N)c(n1)OCCCCCO2,5.0,5.228164160297838,0,0.2281641602978377
OC1CN(C[C@H]2CC[C@H](c3nnn4cnc5[nH]ccc5c34)CC2)C1,7.31,6.370309979307766,1,0.9396900206922334
CC(Nc1c(Nc2ccncc2)c(=O)c1=O)C1CCCCC1,5.7,5.933012940148087,0,0.23301294014808693
CN(c1ncnc2[nH]ccc12)[C@@H]1CCN(C(=O)CC#N)C1,6.96,6.150056454659501,1,0.8099435453404986
CCC(=O)N1CC[C@H](Nc2ncnc3c2CN(c2cnc(OC)c(C(F)(F)F)c2)CC3)C1,5.0,5.302345513419133,0,0.30234551341913285
NCCn1c(C2CCNCC2)nc2cc(C(N)=O)ccc21,5.43,4.763318282888876,0,0.6666817171111239
CN(C)CC(C)(C)CNc1nccc(-c2c(-c3ccc(F)cc3)nc3occn23)n1,5.7,5.750619081440127,0,0.050619081440126834
CCc1cc(O)c(F)cc1-c1cc(NS(=O)(=O)CCOC)c2cn[nH]c2c1,6.3,6.210067364153807,1,0.08993263584619271
CNC(=O)C(C)n1cc(-c2cnc(N)c3c(-c4ccc(NC(=O)Nc5ccc(C)cc5)cc4)csc23)cn1,5.7,5.902982109412779,0,0.20298210941277883
CCc1cc(O)c(F)cc1-c1cc(N[C@H]2C[C@H]3CC[C@@H](C2)N3)c2nc(N)ncc2c1,7.7,6.816597987903549,1,0.8834020120964512
CN(CCO)C[C@H]1CC[C@H](c2nnn3cnc4[nH]ccc4c23)CC1,6.49,6.220362334257873,1,0.26963766574212755
CN(CC(F)(F)F)C[C@H]1CC[C@H](N2CN(C)C(=O)c3cnc4[nH]ccc4c32)CC1,7.28,7.254158910461454,1,0.025841089538546136
CNC(=O)c1cnc2[nH]ccc2c1NC1CCN(Cc2cccc(Cl)c2)C1,6.22,6.246677439884964,1,0.026677439884964294
NC(=O)c1cnc(N)c2cc(-c3ccc(N4CCOCC4)cc3)sc12,7.18,5.8048836163578805,0,1.3751163836421192
COc1cc(Nc2nc3cccc(-c4cccc(Cl)c4)c3o2)cc(OC)c1OC,5.0,5.670291484228104,0,0.6702914842281036
Cn1cc(Nc2nccc(N3C[C@H]4CC[C@H](C3)N4C(=O)NCC#N)n2)cn1,7.8,6.989821266900256,1,0.8101787330997441
O=C(Nc1cccc(-c2cnc3ccccc3n2)c1)C(Cl)Cl,5.0,4.518731568342479,0,0.4812684316575213
Cc1ccc(-c2nn(C(C)(C)C)c3ncnc(N)c23)cc1,5.7,5.269796746370347,0,0.43020325362965295
N#CCNC[C@H]1CC[C@H](N2CNC(=O)c3cnc4[nH]ccc4c32)CC1,7.72,7.544888171654096,1,0.1751118283459041
NC(=O)c1cnc(Nc2ccccc2)cc1NCc1ccccc1,6.11,6.5503295078004165,1,0.44032950780041613
CCNC(=O)c1ccc(Nc2nccc(N3CC4CCC(C3)N4C(=O)C3CC3)n2)cc1,7.49,7.241722057508257,1,0.24827794249174318
Cn1cc(Nc2nccc(N3C[C@H]4CC[C@H](C3)N4C(=O)[C@@H]3CC3(F)F)n2)cn1,7.64,6.66907041298021,1,0.97092958701979
NC(Cc1cccc2ccccc12)C(=O)Nc1cncc(C=Cc2ccncc2)c1,5.7,5.68048338033143,0,0.0195166196685701
C[C@@H](c1ccc2nccn2c1)n1nnc2ncc(-c3cnn(C)c3)nc21,4.52,5.2220262496128935,0,0.702026249612894
[2H]C([2H])([2H])NC(=O)c1nnc(NC(=O)C2CC2)cc1Nc1cccc(C(=O)Nc2ccc(C(=O)N3CCSC3)cc2)c1OC,8.64,8.407753733635381,1,0.2322462663646192
COc1cc(Nc2nc3cccc(-c4ccc(C(=O)N5CCOCC5)c(F)c4)c3o2)cc(OC)c1OC,7.2,6.807562124753042,1,0.3924378752469586
O[C@@H]1CCN(C[C@H]2CC[C@H](c3nnn4cnc5[nH]ccc5c34)CC2)C1,7.72,6.373698618143942,1,1.3463013818560574
CNC(=O)c1ccc(Nc2nc3cccc(-c4cc(F)c(CN5CCOCC5)c(F)c4)c3o2)cc1C,6.92,6.701377730627992,1,0.21862226937200813
c1cc2c(ncn3nnc(C4CCC4)c23)[nH]1,6.39,6.467515249459719,1,0.07751524945971955
O=S(=O)(C[C@H]1CC[C@H](c2nnn3cnc4[nH]ccc4c23)CC1)NC1CC1,6.38,6.414958350125251,1,0.03495835012525106
[2H]C([2H])([2H])NC(=O)c1nnc(NC(=O)C2CC2)cc1Nc1cccc(-c2nccc(OC)n2)c1OC,6.77,7.151604990862999,1,0.38160499086299904
[2H]C([2H])([2H])NC(=O)c1nnc(Nc2ccc(F)cn2)cc1Nc1cccc(C(=O)Nc2ccc(C(=O)N3CCCC3)cc2)c1OC,8.96,8.831463981392176,1,0.12853601860782504
O=C(Nc1cc(NC(=O)c2c(Cl)cccc2Cl)ccn1)c1ccccc1,5.7,6.013837113286436,1,0.3138371132864357
COc1ccc(-c2ccc(NC(=O)Nc3ccc(F)c(C)c3)cc2)c2c(N)noc12,5.7,5.617537256216328,0,0.08246274378367247
Cn1cc(-c2cnn3c(N)c(Br)c([C@@H]4CCCNC4)nc23)cn1,4.52,5.7426908050658305,0,1.222690805065831
c1cc2c(ncn3nnc(C4CCN(CC5CCCCC5)CC4)c23)[nH]1,6.0,6.138209940760336,1,0.1382099407603361
CNC(=O)c1cnc2[nH]ccc2c1N[C@@H]1CCN(Cc2ccc(C#N)cc2)C[C@@H]1F,6.62,6.333612157611622,1,0.2863878423883781
CS(=O)(=O)N1CC[C@H](C#CC(=O)N2CCC[C@@H](c3ccc(Cl)c(Cl)c3)C2)C1,7.41,5.218505701726143,0,2.1914942982738568
CC(C)(CO)c1nnc2ccc(-c3c(-c4ccc(F)cc4F)nc4n3CCC4)nn12,5.7,5.420854891057265,0,0.2791451089427355
Cc1ccc(C(=O)Nc2ccc(CN3CCN(C)CC3)c(C(F)(F)F)c2)cc1C#Cc1cnc2cccnn12,4.52,5.641280515219053,0,1.1212805152190537
Cc1cc(-c2cnc3cccc(-c4cc(F)c(CN5CCOCC5)c(F)c4)c3n2)ccc1C(=O)N1CCOCC1,6.92,6.271772685423553,1,0.648227314576447
Nc1nonc1-n1nnc(C(=O)NN=Cc2cccs2)c1-c1cccs1,5.7,5.988233853673838,0,0.28823385367383825
Cc1c(F)cc(C(=O)NC2CC2)cc1-c1ccc(C(=O)NCC(C)(C)C)cn1,4.52,5.559976353727723,0,1.0399763537277238
c1cc2c(ncn3nnc([C@H]4CC[C@H](CNC5CCC5)CC4)c23)[nH]1,6.64,6.418556856354437,1,0.22144314364556283
O=C(Nc1nc2cccc(C3CCC4(CC3)CN(C(=O)[C@H]3CC3(F)F)C4)n2n1)C1CC1,6.44,6.75091489208714,1,0.3109148920871396
CNC(=O)c1cnc(Nc2ccc(C(=O)NCCCCCCCCCC(=O)N[C@H](C(=O)N3C[C@H](O)C[C@H]3C(=O)NCc3ccc(-c4scnc4C)cc3)C(C)(C)C)cn2)cc1Nc1cccc(C(=O)NC)c1OC,6.64,7.5650862717801095,1,0.9250862717801098
Cc1cc(-c2cnc3cccc(-c4ccc(CN5CCS(=O)(=O)CC5)cc4)c3n2)ccc1C(=O)N1CCN(C)CC1,6.48,6.440442140882483,1,0.03955785911751786
NC(=O)c1cc2c(-c3ccc(F)cc3)cncc2s1,5.7,5.7654975999501366,0,0.06549759995013638
NC(=O)c1cnc2c(N[C@H]3C[C@H]3F)cc(Nc3cccc(-c4ccc(C(F)(F)F)cc4F)c3)nn12,6.6,6.0164197427597195,1,0.5835802572402802
CCOc1nc(C(=O)NCc2ccccc2S(N)(=O)=O)cc(N)c1C#N,5.7,5.495328826224672,0,0.20467117377532862
O=C(Nc1cnccn1)Nc1ccnc2c(F)cccc12,5.7,5.7150538112066185,0,0.015053811206618306
CC(=O)Nc1cc2c(-c3cccc(S(=O)(=O)C4COC4)n3)cn(C)c2cn1,6.94,6.818529956033418,1,0.12147004396658279
CNC(=O)c1cnc(N)c2cc(-c3ccc(S(=O)(=O)NC(C)(C)C)cc3)sc12,6.58,5.792412946577565,0,0.7875870534224347
O=C1SCCC1NC[C@H]1CC[C@H](c2nnn3cnc4[nH]ccc4c23)CC1,7.36,6.300376867790488,1,1.059623132209512
N#Cc1ccc(NC[C@H]2CC[C@H](c3nnn4cnc5[nH]ccc5c34)CC2)cc1C(F)(F)F,6.43,5.919213479255967,0,0.5107865207440323
Nc1cccc(Cl)c1C(=O)Nc1ccncc1,5.46,5.960450583983195,0,0.500450583983195
Fc1cc(CN2CCC(c3nnn4cnc5[nH]ccc5c34)CC2)ccc1Cl,6.52,6.3204034794507535,1,0.19959652054924604
O=C1Nc2cc(CCOc3ccc(N4CCOCC4)cc3)ccc2Nc2cc(-c3cn(Cc4cc(F)c(F)c(F)c4)c4cnccc34)ccc21,5.7,5.758289398484109,0,0.05828939848410908
S=c1[nH]c(C2CCCCC2)c2c3cc[nH]c3ncn12,7.44,7.020538951036741,1,0.4194610489632593
COc1cc(-c2nn([C@H]3CC[C@H](N4CCN(C(C)=O)CC4)CC3)c3ncnc(N)c23)ccc1NC(=O)c1cc2ccccc2n1C,4.6,5.676964420381365,0,1.0769644203813655
COc1cccc(C(C)NC(=O)c2ccc(-c3ccncc3F)cc2OC)c1,5.7,5.823203165690403,0,0.1232031656904029
COCCc1c[nH]c2ncnc(-c3ccc4c(c3)C(NC#N)CCO4)c12,5.0,5.073862961235248,0,0.07386296123524794
CC(C)(C)C(=O)Nc1cc(NC(=O)c2c(Cl)cccc2Cl)ccn1,5.46,6.902950882465502,1,1.4429508824655022
CNc1cc(Nc2cccn([C@H]3CCCOC3)c2=O)nc2c(C(=O)N[C@H]3CC[C@@H]3OC)cnn12,7.66,8.22637934527808,1,0.5663793452780794
Cc1ccc(F)c(-c2ccc3nnc(N)n3c2)c1,5.7,4.761350186703593,0,0.938649813296407
Cn1cc(Nc2nccc(N3CC4CCC(C3)N4C(=O)[C@@H]3CC3(F)F)n2)cn1,7.85,6.678576279086496,1,1.1714237209135039
COc1cc(-c2cnc3cccc(-c4ccc(CN5CCOCC5)cc4F)c3n2)cc(OC)c1OC,5.03,5.222514215726713,0,0.192514215726713
[2H]C([2H])([2H])NC(=O)c1nnc(Nc2ccccn2)cc1Nc1ccccc1S(C)(=O)=O,7.36,7.325889371799452,1,0.034110628200548554
c1ccc2c(c1)Cc1c[nH]nc1-2,4.7,5.188788063896259,0,0.4887880638962585
Nc1ccc(-c2cncc(OCC(N)Cc3c[nH]c4ccccc34)c2)cc1C(=O)c1ccccc1,5.7,5.673628472546366,0,0.026371527453633803
[2H]C([2H])([2H])NC(=O)c1nnc(NC(=O)C2CC2)cc1Nc1cc(F)cc(-c2ncc(C(=O)N(C)C)cn2)c1OC,7.72,7.4631068786189445,1,0.25689312138105524
FC(F)(F)c1cccc(CN2CCC(c3nnn4cnc5[nH]ccc5c34)CC2)c1,6.0,6.058800338318434,1,0.05880033831843434
CNC(=O)c1cnc2[nH]ccc2c1NC1CC2CCC(C1)N2Cc1ccc(OC)cc1,7.1,6.405454751323019,1,0.694545248676981
COC[C@H](C(=O)Nc1cccc2c(-c3nc(Nc4cccc(S(C)(=O)=O)c4F)ncc3F)c[nH]c12)N1CCN(C)CC1,6.18,5.488980060681515,0,0.691019939318485
CCCCS(=O)(=O)N[C@H]1C[C@@H](N(C)c2ncnc3[nH]ccc23)C1,3.7,3.75007504845742,0,0.050075048457419946
c1cc2c3c(cnc2[nH]1)CCCN3C1CCCCC1,6.28,6.546787976535194,1,0.2667879765351939
O=C([C@H]1CC[C@H](c2nnn3cnc4[nH]ccc4c23)CC1)N1CC[C@H](O)C1,6.0,6.08430488585519,1,0.08430488585518958
COCCOc1cc(Nc2cc(NC(C)=O)ncc2-c2ccccn2)nc(S(C)(=O)=O)c1,10.74,10.105529072738385,1,0.6344709272616154
c1cc2c(ncn3nnc([C@H]4CC[C@H](NN5CCOCC5)CC4)c23)[nH]1,6.3,5.980331180934718,0,0.31966881906528144
c1cc2c(ncn3nnc(C4CCN(Cc5csnn5)CC4)c23)[nH]1,6.96,6.039945759435566,1,0.9200542405644336
Clc1ccc(CCNC[C@H]2CC[C@H](c3nnn4cnc5[nH]ccc5c34)CC2)cc1,7.28,7.164426121198195,1,0.11557387880180503
C1=C/COCc2cc(ccc2OCCN2CCCC2)Nc2nccc(n2)-c2ccc(s2)COC/1,7.49,7.314567981313635,1,0.17543201868636515
COc1cc(-c2ccc(O)cc2)cc2cnc(N)nc12,6.1,6.685723061134588,1,0.5857230611345887
CN1C(=O)[C@@H](N2CCc3cn(Cc4ccccc4)nc3C2=O)COc2ccccc21,6.0,5.374290744063645,0,0.6257092559363553
CCCC(=O)Nc1n[nH]c2ccc(-c3cccc(F)c3F)cc12,5.7,5.813461784229965,0,0.11346178422996456
C=CC(=O)Nc1ccc(-c2ccnc(Nc3ccc(N4CCOCC4)cc3)n2)cc1,5.56,5.352154478057456,0,0.20784552194254324
CN(C)CCCn1c(=O)c2ccccc2c2cnc3[nH]ccc3c21,6.15,5.800502871384742,0,0.3494971286152584
COc1cc(C=O)c(Cl)cc1NC(=O)Nc1cnc(C#N)cn1,5.7,5.700823390393575,0,0.0008233903935748188
CNC(=O)c1cnc2[nH]ccc2c1NC1CC2CCC(C1)N2Cc1cccc(Cl)c1,6.53,6.695523681299619,1,0.1655236812996188
O[C@H](CNC[C@H]1CC[C@H](c2nnn3cnc4[nH]ccc4c23)CC1)c1ccccc1,7.3,7.306016609645136,1,0.006016609645135951
O=C(CBr)Nc1cccc(-c2cnc3ccccc3n2)c1,5.0,4.586275122078604,0,0.41372487792139623
N#CCN(CC1CC1)C[C@H]1CC[C@H](c2nnn3cnc4[nH]ccc4c23)CC1,6.96,6.250331109685398,1,0.7096688903146022
Cc1n[nH]c2ccc(-c3cncc(OC[C@@H](N)Cc4ccccc4)c3)cc12,5.0,5.739539916005782,0,0.7395399160057821
CCN1CN([C@H]2CC[C@H](CN(C)CC#N)CC2)c2c(cnc3[nH]ccc23)C1=O,6.15,6.315075444948718,1,0.16507544494871773
C#Cc1cccc(Nc2ncnc3cc(OC)c(OCCCCCCC(=O)NO)cc23)c1,4.52,5.005199771273937,0,0.48519977127393776
CC(C)[C@H](C)n1cc(-c2cc(C3CCOCC3)n(C)n2)c2[nH]nc(N)c2c1=O,7.26,7.043864338769118,1,0.21613566123088201
COc1cc(Nc2nc3cccc(-c4ccc(NS(C)(=O)=O)cc4)c3o2)cc(OC)c1OC,6.82,5.946403604367628,0,0.8735963956323722
C[C@H]1CNCCCN1S(=O)(=O)c1cccc2cncc(F)c12,4.52,5.5053157778312345,0,0.9853157778312349
[2H]C([2H])([2H])NC(=O)c1nnc(NC(=O)C2CC2)cc1Nc1cccc(C(=O)Nc2ccc(C(=O)N3CCCC3)nc2)c1OC,8.54,8.65930334319241,1,0.11930334319240998
CC(C)(C)c1cc(NC(=O)Nc2ccc(-c3cn4c(n3)sc3cc(OCCN5CCOCC5)ccc34)cc2)no1,5.0,5.00486590323901,0,0.004865903239010372
[2H]C([2H])([2H])NC(=O)c1nnc(NC(=O)C2CC2)cc1Nc1cccc(-c2ncccn2)c1OC,7.63,7.4014629747299905,1,0.2285370252700094
CN(c1ncnc2[nH]ccc12)[C@H]1C[C@@H](NS(=O)(=O)CC2CC2)C1,3.7,3.7569253244394836,0,0.056925324439483393
O=S(=O)(O)C[C@H]1CC[C@H](c2nnn3cnc4[nH]ccc4c23)CC1,6.17,6.853617068868214,1,0.6836170688682142
O=C(Nc1ccncc1)c1c(Cl)cccc1Cl,6.64,6.094456783057675,1,0.5455432169423249
Fc1ccc(-c2ncn(CCN3CCOCC3)c2-c2ccc3[nH]ncc3c2)cc1,5.7,5.818411771805064,0,0.11841177180506346
Cc1cc(Nc2nc(Nc3ccccc3S(=O)(=O)C(C)C)c3c(C)[nH]nc3n2)c(OC(C)C)cc1C1CCN(C)CC1,5.0,4.845982439418194,0,0.15401756058180638
O=C(Nc1nc2cccc(-c3ccc(CN4CCS(=O)(=O)CC4)cc3)n2n1)C1CC1,6.18,7.479259762617686,1,1.2992597626176865
Cc1cc(Nc2cc3ncccc3c(N[C@H]3CC[C@@H]4C[C@H](C3)N4CCC#N)n2)n[nH]1,7.49,7.992639034376647,1,0.5026390343766467
CN(c1ncnc2[nH]ccc12)[C@H]1C[C@@H](NS(C)(=O)=O)C1,3.7,3.7427821563194756,0,0.04278215631947546
CN(c1ncnc2[nH]ccc12)[C@H]1C[C@@H](NS(=O)(=O)[C@H]2C[C@](C)(CC#N)C2)C1,5.61,5.276706262590414,0,0.3332937374095861
Cc1cccc(NC(=O)Nc2ccc(-c3csc4c(C#CCN5CCOCC5)cnc(N)c34)cc2)c1,5.7,5.807872385721058,0,0.10787238572105817
c1ccc(CN2CCC[C@@H](n3cnc4cnc5[nH]ccc5c43)C2)cc1,6.6,6.439131110900894,1,0.16086888909910524
Cc1noc(C)c1CN1CCC(c2nnn3cnc4[nH]ccc4c23)CC1,6.0,6.206482995188312,1,0.2064829951883116
O=C[C@H]1CC[C@H](c2nnn3cnc4[nH]ccc4c23)CC1,7.26,6.534944772699298,1,0.725055227300702
[2H]C([2H])([2H])NC(=O)c1nnc(Nc2ccc(N3CCOCC3)cn2)cc1Nc1nccc(-c2ncc(F)cn2)c1OC,7.58,7.256017469357765,1,0.32398253064223503
CCN1CCN(c2ccc(Nc3ncc4scc(-c5cccc(NS(C)(=O)=O)c5)c4n3)cc2)CC1,8.37,6.182542029029348,1,2.1874579709706516
N#CCC1(n2cc(-c3ncnc4[nH]ccc34)cn2)CN(C2CCN(C(=O)c3ccnc(C(F)(F)F)c3F)CC2)C1,6.1,5.985282593788602,0,0.11471740621139759
CNc1cc(Nc2cccn(-c3ncccc3F)c2=O)nc2c(C(=O)N[C@H]3CC[C@@H]3OC)cnn12,9.7,7.9576645249156135,1,1.7423354750843858
FC(F)(F)c1ccc(NC[C@H]2CC[C@H](c3nnn4cnc5[nH]ccc5c34)CC2)cc1,6.0,6.327630850492824,1,0.3276308504928238
COc1cc(Nc2ncc(C)c(Nc3ccc4oc(=O)[nH]c4c3)n2)cc(C)c1F,7.92,5.861100909805066,0,2.0588990901949336
CC[C@@H](C(=O)NCC(F)(F)F)n1c(=O)c2cc(OC)c(OC)cc2c2cnc3[nH]ccc3c21,6.56,6.396816315944674,1,0.16318368405532535
CN1CN([C@H]2CC[C@H](CNCC(F)F)CC2)c2c(cnc3[nH]ccc23)C1=O,7.08,7.024913668727256,1,0.05508633127274365
[2H]C([2H])([2H])NC(=O)c1nnc(NC(=O)C2CC2)cc1Nc1cccc(C(=O)Nc2ccc(-c3ccc(F)c(=O)[nH]3)cc2)c1OC,7.89,7.900651294992043,1,0.010651294992043425
COc1cc(O)ccc1-c1ccc2c(-c3nc4ccccc4[nH]3)n[nH]c2c1,6.99,6.534483254574328,1,0.45551674542567255
Fc1ccc(NC[C@H]2CC[C@H](c3nnn4cnc5[nH]ccc5c34)CC2)cc1F,6.07,6.174860821518223,1,0.10486082151822274
Brc1ccc2[nH]nc(-c3ccccc3)c2c1,5.7,5.502784766709119,0,0.19721523329088075
CC(=O)c1cc(Cl)c(C(=O)Nc2ccnc(NC(=O)C3CC3)c2)c(Cl)c1,8.11,6.9273817056743034,1,1.182618294325696
CN(C)C(=O)C(C#N)=Cc1ccc(-c2nc3cnc4[nH]ccc4c3n2C2CCCCC2)o1,5.21,6.485814814594694,1,1.2758148145946944
Cc1cccc(NC(=O)Nc2ccc(-c3csc4c(C#Cc5cccnc5)cnc(N)c34)cc2)c1,5.7,5.726360724345769,0,0.026360724345768638
CS(=O)(=O)c1ccc(CN2CCC(c3nnn4cnc5[nH]ccc5c34)CC2)cc1,6.19,6.290628085742716,1,0.10062808574271553
COc1ccc(CNC(=O)Nc2ncc([N+](=O)[O-])s2)cc1,5.7,5.526237005270892,0,0.17376299472910794
O=C(Nc1ccnc(Nc2ccncn2)c1)c1c(Cl)cccc1Cl,8.31,7.031178255073026,1,1.278821744926974
Cc1[nH]nc2[nH]c(=O)cc([C@H]3CC[C@H](NC(=O)[C@@H]4CC4(F)F)CC3)c12,6.66,5.565519533010988,0,1.0944804669890118
CC1CC1NC[C@H]1CC[C@H](c2nnn3cnc4[nH]ccc4c23)CC1,6.85,6.565513254417105,1,0.28448674558289433
Clc1cnc2nc1NCCc1cccc(c1)OCCc1cccc(c1)N2,7.28,7.0550476630241015,1,0.22495233697589878
CCOC(=O)c1cccc(Nc2nc(N)n(C(=O)c3ccco3)n2)c1,5.0,5.239705899109991,0,0.23970589910999074
Cc1cnc(Nc2ccc(N3CCOCC3)c(F)c2)nc1N1CCC2(CCNC2=O)CC1,7.89,8.086108472872219,1,0.19610847287221933
CC(Cl)C(=O)Nc1cccc(-c2cnc3ccccc3n2)c1,4.3,4.510484007669385,0,0.21048400766938524
CCc1cc(O)c(F)cc1-c1cc(N[C@H](C)CO)c2nc(N)ncc2c1,6.7,7.2178367680470625,1,0.5178367680470624
Cc1ccc(C(=O)Nc2ccon2)cc1NC(=O)c1cnn(-c2ccccc2F)c1N,5.3,5.615032958296393,0,0.3150329582963929
O=c1c(NCc2cccc(C(F)(F)F)c2)c(Nc2ccncc2)c1=O,5.7,5.683816264108877,0,0.016183735891122986
c1ccc(CCCN[C@H]2CC[C@@H](c3nnn4cnc5[nH]ccc5c34)CC2)cc1,6.0,6.2626610537089284,1,0.26266105370892845
O=c1c(NCc2ccccc2F)c(Nc2ccncc2)c1=O,5.7,5.706066465686471,0,0.006066465686470401
Cc1[nH]nc2[nH]c(=O)cc(C3CCCC3)c12,6.08,5.850401563291962,0,0.22959843670803792
N#Cc1ccc(CN2CCC(c3nnn4cnc5[nH]ccc5c34)CC2)c(F)c1,6.82,6.672394603719072,1,0.1476053962809285
[C-]#[N+]c1cccc(Cl)c1-c1nc2ccnc(Nc3cc(CO)nc(C)n3)c2s1,9.3,8.858439712869433,1,0.4415602871305673
Clc1ccc(CN2CCC(c3nnn4cnc5[nH]ccc5c34)CC2)cc1,6.68,6.272856665339977,1,0.40714333466002284
CN1CCN(C2CCN(c3ccc(Nc4ncc(Cl)c(O[C@@H]5CO[C@H]6[C@@H]5OC[C@H]6O)n4)cc3Cl)CC2)CC1,6.82,5.881015574517043,0,0.9389844254829569
[N-]=[N+]=NC[C@H]1CC[C@H](c2nnn3cnc4[nH]ccc4c23)CC1,8.04,6.6277955407765585,1,1.4122044592234406
CNc1cc(Nc2cccn(-c3ccc(C)nc3)c2=O)nc2c(C(=O)N[C@H]3CC[C@@H]3OC)cnn12,8.95,8.590721514133538,1,0.3592784858664615
Cc1cc(C)cc(NC(=O)Nc2ccc(-c3cccc4snc(N)c34)cc2)c1,5.7,5.635488406047936,0,0.06451159395206396
CNC(=O)c1cnc(Nc2ccc(F)cn2)cc1Nc1cccc(C(N)=O)c1OC,6.92,6.622573257570486,1,0.29742674242951406
CC(C)c1cc(CNc2nc(Nc3cc(C4CC4)[nH]n3)cc(N3CCN(C)CC3)n2)on1,4.52,6.71539036826517,1,2.19539036826517
O=C(NO)c1ccc(-c2ccnc(Nc3ccc(N4CCOCC4)cc3)n2)cc1,6.38,5.888452885657053,0,0.4915471143429473
CCc1cc(O)c(F)cc1-c1cc(N[C@@H](C)CO)c2nc(NCCCN(C)C)ncc2c1,7.0,7.241411048686402,1,0.24141104868640184
O=C1CCN(c2ncc(C(F)(F)F)c(C3=C(c4c[nH]c5ccccc45)C(=O)NC3=O)n2)CC1,5.36,5.3395861399138385,0,0.02041386008616186
Cc1[nH]nc2[nH]c(=O)cc(-c3ccccc3)c12,5.41,5.719716127335847,0,0.30971612733584664
Nc1n[nH]c2cccc(-c3ccc(NC(=O)Nc4cc(C(=O)O)ccc4F)cc3)c12,5.7,5.30672285904317,0,0.39327714095683053
O=C(Nc1ccncc1)c1ccccc1Cl,5.96,5.802226341299848,0,0.15777365870015192
CC(C)(C)c1nc2c3ccc(F)cc3c3c(=O)[nH]ccc3c2[nH]1,9.0,6.313860140580817,1,2.6861398594191828
CN1CCN(c2cccc(Nc3nccc(-c4c(C(N)=O)nc5ccccn45)n3)c2)CC1,5.7,5.52565423961881,0,0.17434576038118976
c1ccc(CN2CCC[C@H](n3cnc4cnc5[nH]ccc5c43)C2)cc1,7.15,6.439139281292624,1,0.7108607187073765
Cc1ccc(CNc2c(Nc3ccncc3)c(=O)c2=O)cc1,5.7,5.656828425052041,0,0.043171574947959535
[2H]C([2H])([2H])NC(=O)c1nnc(Nc2ccccn2)cc1Nc1cccc(C(=O)Nc2ccc(NC[C@H]3COCCO3)cc2)c1OC,8.42,6.558615386958717,1,1.8613846130412828
Fc1ccccc1CN1CCC(c2nnn3cnc4[nH]ccc4c23)CC1,6.55,6.5353781428714885,1,0.014621857128511273
CN(CCC#N)C[C@H]1CC[C@H](c2nnn3cnc4[nH]ccc4c23)CC1,6.44,6.2898192851358985,1,0.1501807148641019
[2H]C([2H])([2H])NC(=O)c1nnc(NC(=O)C2CC2)cc1Nc1cccc(C(=O)Nc2ccc3c(c2)C(=O)NC3)c1OC,7.41,7.6786104776844155,1,0.26861047768441537
[2H]C([2H])([2H])NC(=O)c1nnc(NC(=O)C2CC2)cc1Nc1cccc(C(=O)Nc2ccc(C(=O)NC3CCCC3)cc2)c1OC,7.82,8.488819011903978,1,0.6688190119039774
Cc1cnc(NC2CCOCC2)nc1-c1cnn(CCC#N)c1,4.3,6.94776860312674,1,2.64776860312674
CNc1cc(Nc2cccn(-c3ncccc3F)c2=O)nc2c(C(=O)N[C@@H]3CC[C@H]3O)cnn12,5.46,9.69083878609203,1,4.23083878609203
Clc1cnc2nc1NCCCc1cccc(c1)OCCc1cccc(c1)N2,6.97,6.982308067727049,1,0.012308067727048844
CC(C)(C#N)C(=O)N1CC2(CCC(c3cccc4nc(NC(=O)C5CC5)nn34)CC2)C1,6.97,7.057194832298522,1,0.08719483229852187
Brc1ncc(CN2CCC(c3nnn4cnc5[nH]ccc5c34)CC2)s1,6.96,6.0229096351817635,1,0.9370903648182365
CCCn1c(C2CCNCC2)nc(-c2ccc(Cl)c(Cl)c2)c1-c1ccnc(NC2CCCCC2)n1,5.7,4.78900233597819,0,0.91099766402181
Cc1cc(Nc2nccc3nc(-c4c(Cl)cc(C5CC5)cc4Cl)sc23)ncn1,8.39,8.583578651193069,1,0.19357865119306794
CCCCn1c(NC(=O)c2ccc(C#N)cc2)nc2cc(N(C)C(=O)C3CCCCC3)ccc21,5.7,5.652555880421899,0,0.047444119578100796
CNC(=S)Nc1cccc(-c2cnc3ccccc3n2)c1,4.3,4.50627924841085,0,0.20627924841085044
CCc1cc(O)c(F)cc1-c1cc(N(C)CCO)c2nc(N)ncc2c1,6.6,6.624066661934911,1,0.024066661934911693
CNC(=O)c1cc(Oc2ccc(NC(=O)Nc3cccc(C(F)(F)F)c3)cc2)ccn1,5.8,5.06817559844268,0,0.7318244015573194
CN(C)[C@H]1CCN(C[C@H]2CC[C@H](c3nnn4cnc5[nH]ccc5c34)CC2)C1,6.31,6.092109922413851,1,0.21789007758614876
COc1cccc(C(=O)Nc2cnc3[nH]cc(-c4ccccc4)c3c2)c1,5.7,5.642360569883734,0,0.057639430116266155
[2H]C([2H])([2H])NC(=O)c1cnc(NC(=O)C2CC2)cc1Nc1cccc(-c2ncn(C)n2)c1OC,7.89,7.872451938080098,1,0.01754806191990177
CN1CCN(C(=O)c2ccc3c(c2)[nH]c2c(C(N)=O)ccc(-c4ccccc4F)c23)CC1,6.12,5.688840995664647,0,0.4311590043353535
Cc1cnc(Nc2cnn(C)c2)nc1-c1cnn([C@H](CC#N)C2CCCC2)c1,9.01,8.375044178443726,1,0.6349558215562734
COc1cccc(C(C)NC(=O)c2ccc(-c3ccncc3)c(F)c2)c1,5.7,5.678851009429765,0,0.021148990570234893
Fc1ccc(-c2nc3occn3c2-c2ccnc(NC3CCNCC3)n2)cc1,5.7,5.53556510995315,0,0.1644348900468504
N#CCC(=O)N(CC#N)C[C@H]1CC[C@H](c2nnn3cnc4[nH]ccc4c23)CC1,6.51,6.384774950949746,1,0.125225049050254
Clc1ncc(CN2CCC(c3nnn4cnc5[nH]ccc5c34)CC2)s1,7.04,6.06979518084459,1,0.97020481915541
Oc1c2ccccc2c2c3c(cccc13)N=N2,5.9,5.511585572080092,0,0.38841442791990843
Cc1ccc(-c2cnc(N)c3c(-c4ccc(NC(=O)Nc5cccc(F)c5)cc4)csc23)cn1,5.7,5.731394646372425,0,0.03139464637242462
O=C(Cc1ccc(Cl)cc1)Nc1[nH]nc2c1CCC2,5.7,5.604960046118803,0,0.09503995388119701
CCN1CCN(CCCC(=O)Nc2n[nH]c3nnc(-c4cccc(F)c4F)cc23)CC1,5.7,5.381455356505743,0,0.31854464349425715
Cn1cc(C(CN)c2cncc(C=Cc3ccncc3)c2)c2ccccc21,5.7,5.554880113965336,0,0.14511988603466452
O=C1Nc2cc(Br)ccc2/C1=C1/Nc2ccccc2/C1=N\O,7.52,5.981156732384058,0,1.5388432676159418
NCCn1c(-c2ccc(C(F)(F)F)cc2)nc2cc(C(N)=O)ccc21,5.49,5.393302169754105,0,0.09669783024589496
Cc1ccccc1C(=O)Nc1ccncc1,5.62,5.529811439184426,0,0.09018856081557391
Cc1[nH]c(/C=C2\C(=O)Nc3ccc(F)cc32)c(C)c1C(=O)NC[C@H](O)CN1CCOCC1,5.44,5.478769088593163,0,0.038769088593162415
Cn1ccc(-c2cn3nccc3c(-c3cnn([C@]4(CC#N)C[C@H](C#N)C4)c3)n2)n1,8.0,7.292083513720097,1,0.7079164862799026
CS(=O)(=O)Nc1cc(Cl)c(C(=O)Nc2ccnc(NC(=O)C3CC3)c2)c(Cl)c1,7.87,6.912944248827737,1,0.9570557511722635
O=C1NCN(C2CCCCC2)c2c1cnc1[nH]ccc21,7.59,7.30236126709306,1,0.28763873290693986
Cc1cc(Nc2ncc(C)c(-c3cnn(CCC#N)c3)n2)sn1,8.82,8.552492129039537,1,0.267507870960463
[2H]C([2H])([2H])NC(=O)c1nnc(Nc2cc(C)ccn2)cc1Nc1nccc(-c2ncn(C)n2)c1OC,8.1,7.519095234195444,1,0.5809047658045561
Cc1n[nH]c2ccc(-c3cncc(OCC(N)Cc4ccccc4)c3)cc12,5.7,5.739332806385791,0,0.03933280638579095
CNC(=O)c1nn(C)c2c1C(C)(C)Cc1cnc(Nc3ccc(N4CCN(C)CC4)cc3)nc1-2,4.52,4.826581330305711,0,0.3065813303057112
C[C@@H]1[C@@H]2CN(c3nc(Nc4cnn(C)c4)ncc3F)C[C@]12NC(=O)[C@H]1C[C@@H]1C#N,7.31,7.472531799034472,1,0.1625317990344728
Cn1cc(-c2nn(C3CCCN(C(=O)CC#N)C3)c3ncnc(N)c23)cn1,5.61,5.66325822042893,0,0.0532582204289298
CC1CCCCC1c1nnn2cnc3[nH]ccc3c12,7.25,6.388373797000842,1,0.8616262029991582
O=c1[nH]cnc2c1sc1c(Cl)ccc(Cl)c12,5.7,5.945150632695857,0,0.24515063269585724
N#CCC(=O)N1CCCC(c2ncn3cnc4[nH]ccc4c23)C1,6.64,7.3260341855230715,1,0.6860341855230718
O=C(Nc1ccc(OC(F)(F)F)cc1)c1sccc1NCc1ccnc2ccccc12,4.52,4.842073204757768,0,0.32207320475776857
COc1ncc(-c2ccc3nccc(-c4ccnnc4)c3c2)cc1NS(=O)(=O)c1ccc(F)cc1F,4.52,5.266381011109293,0,0.7463810111092934
NC(=O)c1ccc(-c2nc(-c3ccccn3)c(-c3ccc4c(c3)OCO4)[nH]2)cc1,5.0,5.295469840040899,0,0.2954698400408988
Cc1[nH]nc2[nH]c(=O)c(C#N)c(C3CCCCC3)c12,4.96,5.663547500930121,0,0.7035475009301209
CCn1c(C(=O)N(C2CC2)C2CC2)cc2c3c(ncn3C)c(NC(=O)OCCOC)nc21,5.77,7.004766428075561,1,1.2347664280755613
CC[C@@H]1C(=O)N(C)c2cnc(Nc3ccc(C(=O)N[C@H]4CC[C@H](N5CCN(CC6CC6)CC5)CC4)cc3OC)nc2N1C(C)C,4.52,5.480385031464447,0,0.9603850314644475
CNC(=O)c1cnc(NC(=O)C2CC2)cc1Nc1ccccc1S(C)(=O)=O,6.81,6.218472150289108,1,0.591527849710892
C[C@@H]1[C@@H]2CN(c3nc(Nc4cnn(CCO)c4)ncc3F)C[C@]12NC(=O)C1CC1,7.24,7.189316798964169,1,0.050683201035830905
O=C1Nc2ccc3ncsc3c2C1=CNc1ccc(S(=O)(=O)Nc2ccccn2)cc1,6.6,5.4894244929038,0,1.1105755070961996
COc1ccc(-c2cc3nccn3c(Nc3ccccc3C(N)=O)n2)cc1OC,5.7,5.759229491524565,0,0.05922949152456525
Cc1csc(-c2nnc(Nc3ccc(Oc4ncccc4-c4ccnc(N)n4)cc3)c3ccccc23)c1,4.52,5.357543290286401,0,0.8375432902864013
CNC(=O)c1cnc(Nc2ccc(C#N)cn2)cc1Nc1cccc(-c2ncn(C)n2)c1OC,8.12,7.606354851936553,1,0.5136451480634463
CNC(=O)c1cnc2[nH]ccc2c1N[C@@H]1CCN(Cc2ccc(OC)cc2)[C@H](C)C1,6.79,6.254803527506061,1,0.5351964724939391
CNc1cc(Nc2cccn(-c3cnc(C)o3)c2=O)nc2c(C(=O)N[C@@H]3CC[C@H]3OC)cnn12,8.01,8.581756100580458,1,0.5717561005804583
C[C@@]1(CO)CCC[C@H]1Nc1c(C(N)=O)cnn2cccc12,6.41,7.31975357795741,1,0.9097535779574102
O=C(CCCCCCn1cc(Nc2ncc3ccn(-c4ccccc4)c3n2)cn1)NO,7.63,7.170385114716403,1,0.45961488528359684
CC(C#N)=C1CCC(c2nnn3cnc4[nH]ccc4c23)CC1,6.35,6.411576543411874,1,0.06157654341187424
CCc1cc(O)c(F)cc1-c1cc(NS(=O)(=O)CCC(=O)OC)c2cn[nH]c2c1,6.4,6.525458410214792,1,0.12545841021479198
Nc1ncc(-c2ccoc2)c2scc(-c3ccc(NC(=O)Nc4ccccc4F)cc3)c12,5.7,5.691909035313725,0,0.008090964686275015
Nc1ncnc2c1c(-c1cccc(OC[C@@H]3CCCO3)c1)cn2[C@H]1C[C@@H](CN2CCC2)C1,5.0,5.725965995102079,0,0.7259659951020794
C=CC(=O)N1CCOc2ccc(-c3ncnc4[nH]cc(CCOC)c34)cc21,5.0,5.192753201118606,0,0.19275320111860594
CNC(=O)c1ccc(Nc2ncc(C(F)(F)F)c(NCc3nccnc3N(C)S(C)(=O)=O)n2)cc1,6.89,7.135734326945192,1,0.24573432694519237
CCN1CN([C@H]2CC[C@H](CNS(=O)(=O)C3CC3)CC2)c2c(cnc3[nH]ccc23)C1=O,6.43,6.26771064152656,1,0.16228935847343973
CNc1cc(Nc2cc(C)cc(C)c2)nn2c(C(=O)NCC(C)(CO)CO)cnc12,6.56,6.772826296135853,1,0.21282629613585335
CCN1CCN(c2ccc(Nc3nccc(-c4c(-c5cccc(C(=O)Nc6ccccc6F)c5)nc5ccccn45)n3)cc2)CC1,5.7,5.202852665127018,0,0.4971473348729818
CC[C@@H](C)Nc1nc(Nc2cc(N3C[C@@H]4C[C@H]3CN4C)cnc2F)ncc1C,4.52,4.776433427719035,0,0.25643342771903566
[2H]C([2H])([2H])NC(=O)c1cnc(NC(=O)C2CC2)cc1Nc1cccc(-c2ncccn2)c1OC,7.8,7.68579134646169,1,0.11420865353831022
N#CCC(=O)N1CCC2(CCC(c3cccc4nc(NC(=O)C5CC5)nn34)CC2)C1,6.56,7.643718949836758,1,1.0837189498367588
CN(c1ncnc2[nH]ccc12)[C@H]1C[C@@H](CS(=O)(=O)C2CC2)C1,3.7,3.9127892644693567,0,0.21278926446935653
[2H]C([2H])([2H])NC(=O)c1nnc(NC(=O)C2CC2)cc1Nc1cccc(C(=O)Nc2ccc(-c3cccc(=O)[nH]3)cc2)c1OC,7.26,7.657422573678519,1,0.3974225736785195
O=C(O)C1CN(C[C@H]2CC[C@H](c3nnn4cnc5[nH]ccc5c34)CC2)C1,6.4,6.124113257067847,1,0.275886742932153
N#Cc1ccc(CN2CCC(c3nnn4cnc5[nH]ccc5c34)CC2)cc1,6.77,6.2274105086649785,1,0.5425894913350211
N#CCCn1cc(-c2nc(Nc3ccc4c(c3)CCN4C(=O)CN3CCS(=O)(=O)CC3)ncc2F)cn1,8.7,8.438335574244082,1,0.2616644257559173
O=C(CN[C@H]1CC[C@H](c2nnn3cnc4[nH]ccc4c23)CC1)NCC(F)(F)F,6.0,5.99768098579621,0,0.002319014203790104
CN1CCC(NC(=O)c2cc3c(-c4ccccc4)n[nH]c3s2)CC1,5.7,5.505456391356734,0,0.19454360864326592
O=C(C[C@H]1CC[C@@H](c2nnn3cnc4[nH]ccc4c23)CC1)NCC(F)(F)F,6.1,6.052816104787791,1,0.04718389521220878
O=C1NCc2nc(-c3c(F)cccc3F)cc(Nc3ccc(N4CCOCC4)cn3)c21,7.31,8.384378623405855,1,1.0743786234058552
CNC(=O)c1cnc(Nc2ncccn2)cc1Nc1ccccc1C(N)=O,7.22,6.597367057558993,1,0.6226329424410064
CC(C)CC(=O)Nc1n[nH]c2c1CN(C(=O)C1CCN(C)CC1)C2(C)C,4.52,5.372291286776141,0,0.8522912867761416
CO[C@H]1CC[C@H](c2nnn3cnc4[nH]ccc4c23)CC1,6.7,6.771856871332238,1,0.07185687133223784
O=C(NCC(F)(F)F)c1cc(-c2cnn3cc(-c4ccc(OCCN5CCCCC5)cc4)cnc23)cs1,7.12,6.95440098006347,1,0.16559901993653003
Cc1ccc(NC(=O)c2ccc(CN3CC[C@H](N(C)C)C3)c(C(F)(F)F)c2)cc1Nc1nccc(-c2cncnc2)n1,4.52,5.295361642443228,0,0.7753616424432286
O=C(Nc1ccnc(NC(=O)[C@H]2C[C@H]2F)c1)c1c(Cl)cccc1Cl,7.01,7.654044562434818,1,0.6440445624348179
O=C1NCN([C@H]2CC[C@H](CNC3(C(F)(F)F)CC3)CC2)c2c1cnc1[nH]ccc21,7.72,7.384532655236757,1,0.33546734476324236
O=C(Nc1nc2cccc(C3CCC4(CC3)CN(C(=O)CC(F)(F)F)C4)n2n1)C1CC1,6.51,5.978926572261662,0,0.5310734277383382
CNc1cc(Nc2cccn(-c3cc(C)n(C)n3)c2=O)nn2c(C(=O)N[C@@H]3C[C@@H]3F)cnc12,7.43,7.125574792493759,1,0.3044252075062408
Cc1cccc(NC(=O)Nc2ccc(-c3cccc4c3CNC4=O)cc2C)c1,5.7,5.541496263825067,0,0.15850373617493307
O=C(Nc1nc2cccc(-c3ccc(CN4CCOCC4)cc3)n2n1)C1CC1,5.68,6.870795077137098,1,1.190795077137098
CC(C)[C@H](C)n1cc(-c2ccc(N3CCOCC3)cn2)c2[nH]nc(N)c2c1=O,7.61,7.434471221786744,1,0.1755287782132564
C[C@H](O)[C@@H](CO)Nc1c(C(N)=O)cnn2cc(-c3ccccc3)cc12,6.68,6.053538878883597,1,0.6264611211164031
CCN1CN([C@H]2CC[C@H](CNCC(F)(F)F)CC2)c2c(cnc3[nH]ccc23)C1=O,6.59,6.813979562166301,1,0.223979562166301
CNC(=O)c1cnc2[nH]ccc2c1NC1CCN(Cc2cccc(OC)c2)CC1,5.92,6.4483712125828365,1,0.5283712125828366
O=C1NC(=O)C(c2c[nH]c3ccccc23)=C1Nc1cccc(O[C@H]2CCN(c3ccnc(F)c3)C2)c1,5.23,4.985506246018436,0,0.2444937539815646
CCNC(=O)c1ccc(Nc2nccc(N3CC4CC(C3)N4C(=O)C3CC3)n2)cc1,6.68,6.628878348215355,1,0.05112165178464512
O=C1NC(=O)C(c2c[nH]c3ccccc23)=C1Nc1cccc(OCCn2ccnc2)c1,5.0,5.122189526848029,0,0.12218952684802886
O=C(Nc1ccnc(Nc2ccccc2)c1)c1c(Cl)cccc1Cl,6.85,6.687383078109168,1,0.162616921890832
CCCS(=O)(=O)N[C@H]1CC[C@@H](N(C)c2ncnc3[nH]ccc23)C1,5.69,3.8743523139429077,0,1.8156476860570927
CCNC(=O)c1ccc(Nc2nccc(N3CCN(C(=O)CC#N)CC3)n2)cc1,6.43,6.6131390388815765,1,0.1831390388815768
O=C(NCCCCCCNC(=O)NCc1cccnc1)NCc1cccnc1,6.5,5.718603027923663,0,0.7813969720763367
Fc1ccc(-c2nc(-c3ccc(F)cc3)c(-c3ccncc3)[nH]2)cc1,5.7,5.270204360159621,0,0.4297956398403793
N#Cc1ccc(CN2CCCC(c3nnn4cnc5[nH]ccc5c34)C2)cc1,6.06,6.025510438190853,1,0.03448956180914653
Cc1n[nH]c2ccc(-c3cncc(OCC(N)Cc4cccc(OC(F)(F)F)c4)c3)cc12,5.7,5.533728865975334,0,0.1662711340246661
CC1(NC(=O)c2cnn3ccc(N4CCC[C@@H]4c4cncc(F)c4)nc23)CC1,6.0,6.0163038261477535,1,0.016303826147753497
CCOc1nc(C(=O)NCc2ccccc2S(N)(=O)=O)cc(N)c1Cl,5.7,5.4134173531160386,0,0.2865826468839616
CN1CN([C@H]2CC[C@H](CNCC#N)CC2)c2c(cnc3[nH]ccc23)C1=O,7.38,7.336692232817199,1,0.04330776718280127
COc1cc(Cl)c(C(=O)Nc2ccnc(NC(=O)C3CC3)c2)c(Cl)c1,8.11,6.716123838022154,1,1.393876161977845
O[C@@H]1Cc2ccccc2[C@@H]1NC1CCC(c2nnn3cnc4[nH]ccc4c23)CC1,6.54,6.145711275609102,1,0.3942887243908979
O=C(Nc1cccc(C(F)(F)F)n1)Nc1ccnc2cc(C(F)(F)F)ccc12,5.7,5.546108927210445,0,0.1538910727895555
COc1cccc(CN2CCC(Nc3c(C(=O)NC4CC4)cnc4[nH]ccc34)CC2)c1,5.0,5.681092723695084,0,0.6810927236950839
CNc1cc(Nc2cccn(-c3ccc(F)cn3)c2=O)nc2c(C(=O)N[C@@H]3CC[C@H]3OC)cnn12,8.09,8.684100860950469,1,0.5941008609504692
O=C(Nc1ccnc(NC(=O)C2CC2)c1)c1c(Cl)cccc1Cl,6.81,7.166424367219165,1,0.3564243672191658
CC(=O)N1CCN(c2ccc3cc2COCC=CCOCc2cccc(c2)-c2ccnc(n2)N3)CC1,6.96,6.656104355645035,1,0.30389564435496474
N#CC1CCN(c2n[nH]cc2NC(=O)c2cnn3cccnc23)CC1,6.64,6.456056554735573,1,0.1839434452644264
ClCCOc1ccc2cc1COCC=CCOCc1cccc(c1)-c1ccnc(n1)N2,6.33,6.5061354931575455,1,0.1761354931575454
N#CCCN(CCC#N)C1CCC(c2nnn3cnc4[nH]ccc4c23)CC1,7.55,6.800180525954905,1,0.7498194740450952
O=c1sn(-c2cccc3ccccc23)c(=O)n1Cc1ccccc1,4.52,5.192754032115855,0,0.6727540321158552
CNc1cc(Nc2cccn(-c3ncccc3F)c2=O)nc2c(C(=O)N[C@@H]3CC[C@H]3OC)cnn12,5.48,7.959962553661182,1,2.4799625536611813
COc1ccc(Cl)cc1-c1nn(CC(O)(C(F)(F)F)C(F)(F)F)cc1NC(=O)c1cnn2cccnc12,7.51,6.905628038806025,1,0.6043719611939746
Cc1[nH]nc2[nH]c(=O)cc([C@H]3C[C@H]4C[C@@H]3C[C@@H]4CC#N)c12,7.7,6.534953401119829,1,1.1650465988801715
Cc1nc(COc2ccccc2Cl)sc1-c1ccnc(N)n1,5.7,5.571231215527247,0,0.12876878447275342
C[C@@H](N)c1ccc(C(=O)Nc2ccnc3[nH]ccc23)cc1,4.52,5.8591131906133285,0,1.339113190613329
C1=CCOCc2cc(ccc2OCCN2CCCCC2)Nc2nccc(n2)-c2cccc(c2)COC1,7.08,6.815204213008399,1,0.2647957869916011
[2H]C([2H])([2H])NC(=O)c1nnc(NC(=O)C2CC2)cc1Nc1cccc(C(=O)Nc2ccc3c(c2)CN(C2CC2)C3=O)c1OC,7.8,7.874794520131952,1,0.07479452013195242
Brc1cc(CN2CCC(c3nnn4cnc5[nH]ccc5c34)CC2)sc1Br,6.0,6.1292345894157645,1,0.1292345894157645
CO[C@@]1(c2cc(C#N)cc(-c3cn([C@@H]4CC4(F)F)c4cnc(NC(C)=O)cc34)n2)CCOC1,6.9,6.870602453606762,1,0.02939754639323855
C=CC(=O)Nc1ccc(CNc2cc(Nc3cnn(CCO)c3)ncn2)cc1,5.66,5.8280667784793465,0,0.16806677847934637
Nc1ncnc(Nc2cc(CNC(=O)C(F)(F)F)c(O)c(-c3ccc(Cl)cc3)c2)n1,5.7,5.009990506477036,0,0.6900094935229646
COc1cc(Nc2nc3cccc(-c4ccc(CN5CCOCC5)cc4)c3o2)cc(OC)c1OC,6.51,6.2348272433884695,1,0.2751727566115303
COc1ccccc1Nc1cc(Nc2ccc(CC(=O)O[C@H]3CCOC3)cn2)ncc1C(N)=O,8.7,8.621249439393562,1,0.07875056060643715
CNC(=O)c1cnc(Nc2cc(C)c(F)cn2)cc1Nc1cccc(C(=O)NCCO)c1OC,6.57,6.666837088477482,1,0.09683708847748207
CNC(=O)c1cnc2[nH]ccc2c1N[C@@H]1CCN(Cc2cccc(Cl)c2)C[C@H]1F,6.51,6.277959643007223,1,0.23204035699277714
N#CCCNC(=O)[C@H]1CC[C@H](c2nnn3cnc4[nH]ccc4c23)CC1,6.8,6.126224629021403,1,0.6737753709785972
Cc1csc(NC(=O)c2sc3nc(-c4ccncc4)ccc3c2N)n1,5.7,5.621344826010584,0,0.07865517398941613
Cn1c2ccccc2c2c3c(c4c5ccccc5n(CCC#N)c4c21)CNC3=O,8.5,5.479470157946233,0,3.020529842053767
Cc1cccc(NC(=O)Nc2ccc(-c3cccc(C(N)=O)c3)cc2)c1,5.7,5.633346797380415,0,0.06665320261958474
Cc1[nH]c(C=C2C(=O)Nc3ccccc32)c(C)c1CCC(=O)O,5.7,4.629747187365227,0,1.0702528126347728
CC1(C)[C@H](Nc2c(C(N)=O)cnn3cccc23)CC[C@]1(C)N,7.01,7.208682948819813,1,0.19868294881981363
C[C@@H]1Nc2nc(ncc2Cl)Nc2cccc(c2)COc2cccc1c2,6.0,6.0626526880027,1,0.06265268800270007
N#C[C@@H]1C[C@@H]1C(=O)Nc1cc(NC(=O)c2c(Cl)cccc2Cl)ccn1,8.04,7.8001018910384685,1,0.23989810896153063
N#CCN1CC2(CCC(c3cccc4nc(NC(=O)C5CC5)nn34)CC2)C1,6.24,7.230792555861611,1,0.9907925558616109
Nc1ccc(C(=O)Nc2ccncc2)c(Cl)c1,6.42,5.645869891555901,0,0.7741301084440986
Fc1ccc(C2(NC[C@H]3CC[C@H](c4nnn5cnc6[nH]ccc6c45)CC3)CCC2)cc1,6.12,6.107813889839004,1,0.012186110160995689
Cn1cc(-c2cn3ncnc3c(-c3ccn([C@]4(CC#N)C[C@@H](C#N)C4)c3)n2)cn1,6.95,7.298311650394883,1,0.34831165039488265
CC(NC[C@H]1CC[C@H](c2nnn3cnc4[nH]ccc4c23)CC1)c1ccc(F)c(F)c1,7.14,6.694241914842487,1,0.4457580851575127
CC[C@@H]1CN(C(=O)NCC(F)(F)F)C[C@@H]1c1cnc2cnc3[nH]ccc3n12,5.33,5.930049124267249,0,0.6000491242672492
[2H]C([2H])([2H])NC(=O)c1nnc(NC(=O)C2CC2)cc1Nc1cccc(C(=O)Nc2ccc(C(=O)N3C([2H])([2H])CCC3([2H])[2H])cc2)c1OC,8.8,7.497781256750786,1,1.302218743249215
N[C@@H]1CCCN(c2c(/C=C3\SC(=O)NC3=O)cccc2-c2ccccc2)C1,4.52,4.708147645589404,0,0.188147645589404
CC(=O)N[C@H]1CCN(C[C@H]2CC[C@H](c3nnn4cnc5[nH]ccc5c34)CC2)C1,6.0,6.097461525577099,1,0.0974615255770992
Cc1cc(C)c(C)c(OCCCc2c(C(=O)O)[nH]c3c(-c4ccccc4C)cccc23)c1,5.7,4.861733882582109,0,0.8382661174178914
CSCN1CN([C@H]2CC[C@H](CNCC(F)(F)F)CC2)c2c(cnc3[nH]ccc23)C1=O,6.8,7.030233319996217,1,0.2302333199962172
Cc1cnc(Nc2ccc(N3CCN(C)CC3)cc2)nc1-c1cnn(CCC#N)c1,8.7,8.421636853919363,1,0.27836314608063617
C=CC(=O)Nc1cc2c(Nc3ccc(F)c(Cl)c3)ncnc2cc1C#CC(C)(C)N1CCN(C)CC1,4.52,4.872409150807631,0,0.352409150807631
CN1C/C=C/COCc2ccc(o2)-c2ccnc(n2)Nc2cccc(c2)C1,5.82,5.695924298483744,0,0.12407570151625613
C[C@@H](O)c1nc2cnc3[nH]ccc3c2n1[C@H]1CC[C@H](NCC(F)(F)F)CC1,6.8,5.930776216697668,0,0.8692237833023322
O=C(Nc1nc2cccc(C3CCC4(CC3)CCN(C(=O)[C@H]3CC3(F)F)C4)n2n1)C1CC1,6.16,6.960248311124373,1,0.8002483111243732
CN(C)CC(=O)NC(COc1cncc(-c2ccc3cnccc3c2)c1)Cc1c[nH]c2ccccc12,5.7,5.533443160230884,0,0.1665568397691164
OC(CN[C@H]1CC[C@H](c2nnn3cnc4[nH]ccc4c23)CC1)c1ccccc1,6.59,6.444731880042438,1,0.14526811995756184
